CRN,Course,Sec,Seats,Title,Days,Times,Instructor,Loc,Class Info
21305,ACCT 1A,03Z,WL,"""Financial Accounting I""",·T·R···,02:20 PM-04:10 PM,Sandra Li,ONLINE,OL 
27175,ACCT 1A,04Z,Open,"""Financial Accounting I""",·T·R···,12:30 PM-02:20 PM,Mia Breen,ONLINE,OL 
24001,ACCT 1A,05Z,WL,"""Financial Accounting I""",M·W····,09:30 AM-11:20 AM,Catherina Wong,ONLINE,OL 
25923,ACCT 1A,07Z,WL,"""Financial Accounting I""",·T·R···,09:30 AM-11:20 AM,Richard Claire,ONLINE,OL 
26772,ACCT 1A,01GZ,Open,"""Financial Accounting I""",·T·R···,02:20 PM-04:10 PM,Sandra Li,ONLINE,OL 
00007,ACCT 1A,67Z,WL,"""Financial Accounting I""",·······,TBA-TBA,Scott Osborne,ONLINE,OL Download Syllabus for ACCT 1A 67Z 
00022,ACCT 1A,68Z,WL,"""Financial Accounting I""",·······,TBA-TBA,Sandra Li,ONLINE,OL 
27878,ACCT 1AH,04Z,Open,"""Financial Accounting I - HONORS""",·T·R···,12:30 PM-02:20 PM,Mia Breen,ONLINE,OL 
27684,ACCT 1B,02Z,Open,"""Financial Accounting II""",M·W····,06:00 PM-07:50 PM,Michael Riordan,ONLINE,OL 
27685,ACCT 1B,03Z,WL,"""Financial Accounting II""",M·W····,01:30 PM-02:20 PM,Catherina Wong,ONLINE,OL 
22465,ACCT 1B,62Z,WL,"""Financial Accounting II""",·······,TBA-TBA,Sandra Li,ONLINE,OL 
27897,ACCT 1BH,03Z,Open,"""Financial Accounting II - HONORS""",M·W····,01:30 PM-02:20 PM,Catherina Wong,ONLINE,OL 
27690,ACCT 1C,01Z,WL,"""Managerial Accounting""",·T·····,10:00 AM-11:50 AM,Lih Hung,ONLINE,OL 
27691,ACCT 1C,02Z,WL,"""Managerial Accounting""",M·W····,09:30 AM-11:20 AM,Lakshmamma Venkata,ONLINE,OL 
00041,ACCT 1C,62Z,WL,"""Managerial Accounting""",·······,TBA-TBA,Scott Osborne,ONLINE,OL Download Syllabus for ACCT 1C 62Z 
25916,ACCT 1C,65Z,WL,"""Managerial Accounting""",·······,TBA-TBA,Lydia Botsford,ONLINE,OL 
27212,ACCT 51A,62Z,Open,"""Intermediate Accounting""",·······,TBA-TBA,Kevin Mello,ONLINE,OL Download Syllabus for ACCT 51A 62Z 
27694,ACCT 58,62Z,Open,"""Auditing""",·······,TBA-TBA,John Lord,ONLINE,OL 
24843,ACCT 64,62Z,Open,"""Payroll and Business Tax Accounting""",·······,TBA-TBA,Lauri Hammond,ONLINE,OL 
24722,ACCT 67,62Z,Open,"""Individual Income Taxation""",·······,TBA-TBA,Lydia Botsford,ONLINE,OL 
27187,ACCT 68,64Z,Open,"""Advanced Tax Accounting""",·······,TBA-TBA,Lydia Botsford,ONLINE,OL 
24561,ACCT 74,62Z,Open,"""Accounting Ethics""",·······,TBA-TBA,Alexis James,ONLINE,OL 
27695,ACCT 87AI,62Z,Open,"""Computerized Accounting Programs I (Quickbooks)""",·······,TBA-TBA,Lauri Hammond,ONLINE,OL 
25924,ACCT 88,65Z,Open,"""Excel Spreadsheets for Accounting""",·······,TBA-TBA,Lauri Hammond,ONLINE,OL 
27742,ADMJ 3,50Z,Open,"""Concepts of Criminal Law (CP 2)""",·······,TBA-TBA,James Suits,ONLINE,OL 
26985,ADMJ 6,50Z,WL,"""Crime, Correction and Society""",·······,TBA-TBA,Ramona Gabriel,ONLINE,OL 
27736,ADMJ 11,01Z,Open,"""Federal Courts and Constitutional Law""",··W····,06:00 PM-07:50 PM,Kevin Lee,ONLINE,OL 
24340,ADMJ 29,65Z,WL,"""Ethnic Studies, Cultural Pluralism, and American Law and Justice""",·······,TBA-TBA,Meghan Kensler,ONLINE,OL 
26987,ADMJ 51,50Z,WL,"""Women in Crime""",·······,TBA-TBA,Ramona Gabriel,ONLINE,OL 
27739,ADMJ 54,50Z,WL,"""Youth and the Law""",·······,TBA-TBA,DuJuan Green,ONLINE,OL 
27680,ADMJ 73,01Z,WL,"""Crime and Criminology""",···R···,06:00 PM-07:50 PM,James Suits,ONLINE,OL 
26438,ADMJ 75,01Z,WL,"""Principles and Procedures of the Justice System""",M······,06:00 PM-07:50 PM,Griffin Bonini,ONLINE,OL 
26991,ADMJ 95,01Z,Open,"""Overview of American Law""",··W····,06:00 PM-07:50 PM,"BERNARDO, SHERYL",ONLINE,OL 
26996,AFAM 10,60Z,Open,"""An Introduction to African American Studies""",·······,TBA-TBA,Julie Keiffer-Lewis,ONLINE,OL 
27608,AFAM 10,61Z,Open,"""An Introduction to African American Studies""",·······,TBA-TBA,Shanita Ealey,ONLINE,OL 
27966,AFAM 10,62Z,Open,"""An Introduction to African American Studies""",·······,TBA-TBA,Julie Keiffer-Lewis,ONLINE,OL 
26420,AFAM 12A,60Z,Open,"""African American History to 1865""",·······,TBA-TBA,Julie Keiffer-Lewis,ONLINE,OL 
27735,ANTH 1,50Z,Open,"""Physical Anthropology""",·······,TBA-TBA,"FELDMAN, AMANDA",ONLINE,OL 
28010,ANTH 1,51Z,Full,"""Physical Anthropology""",·······,TBA-TBA,Elisabeth-Anne Mabie,ONLINE,OLLQ 
00076,ANTH 1,52Z,Full,"""Physical Anthropology""",·······,TBA-TBA,Ameeta Tiwana,ONLINE,OL 
00082,ANTH 1,55Z,WL,"""Physical Anthropology""",·······,TBA-TBA,Emily Beggs,ONLINE,OL 
00083,ANTH 1,56Z,Open,"""Physical Anthropology""",·······,TBA-TBA,Emily Beggs,ONLINE,OL 
27301,ANTH 1,57Z,Open,"""Physical Anthropology""",·······,TBA-TBA,Leslie Berry,ONLINE,OL 
22301,ANTH 1,62Z,Open,"""Physical Anthropology""",·······,TBA-TBA,Julie Hui,ONLINE,OL 
00086,ANTH 1L,51Z,WL,"""Physical Anthropology Laboratory""",·······,TBA-TBA,Elisabeth-Anne Mabie,ONLINE,OL 
21056,ANTH 1L,52Z,WL,"""Physical Anthropology Laboratory""",·······,TBA-TBA,Ameeta Tiwana,ONLINE,OL 
21157,ANTH 1L,53Z,WL,"""Physical Anthropology Laboratory""",·······,TBA-TBA,Ameeta Tiwana,ONLINE,OL 
21760,ANTH 1L,54Z,Open,"""Physical Anthropology Laboratory""",·······,TBA-TBA,Ameeta Tiwana,ONLINE,OL 
25306,ANTH 2,52Z,WL,"""Cultural Anthropology""",·······,TBA-TBA,Alicia Hedges,ONLINE,OL 
22789,ANTH 2,54Z,Open,"""Cultural Anthropology""",·······,TBA-TBA,Mayra Cerda Aguilar,ONLINE,OL 
22297,ANTH 2,65Z,Open,"""Cultural Anthropology""",·······,TBA-TBA,Angel Roque,ONLINE,OL 
27734,ANTH 4,50Z,Open,"""World Prehistory""",·······,TBA-TBA,Nancy Olsen,ONLINE,OL Download Syllabus for ANTH 4 50Z 
26449,ANTH 5,50Z,Open,"""Magic, Science and Religion""",·······,TBA-TBA,Daniel Solomon,ONLINE,OL 
02449,ANTH 6,50Z,Open,"""Linguistic Anthropology""",·······,TBA-TBA,Ashidhara Das,ONLINE,OL Download Syllabus for ANTH 6 50Z 
25303,ANTH 7,50Z,WL,"""Introduction to Forensic Anthropology""",·······,TBA-TBA,Elisabeth-Anne Mabie,ONLINE,OL 
24216,ARTS 1A,62Z,WL,"""Introduction to the Visual Arts""",·······,TBA-TBA,Elizabeth Mjelde,ONLINE,OL Download Syllabus for ARTS 1A 62Z 
24443,ARTS 1A,63Z,WL,"""Introduction to the Visual Arts""",·······,TBA-TBA,Elizabeth Mjelde,ONLINE,OL Download Syllabus for ARTS 1A 63Z 
25463,ARTS 1A,64Z,WL,"""Introduction to the Visual Arts""",·······,TBA-TBA,Yael Karmi,ONLINE,OL Download Syllabus for ARTS 1A 64Z 
21198,ARTS 1A,65Z,WL,"""Introduction to the Visual Arts""",·······,TBA-TBA,Deborah Pasturel,ONLINE,OL Download Syllabus for ARTS 1A 65Z 
00120,ARTS 2A,50Z,WL,"""History of Art: Europe from Prehistory through Early Christianity""",·······,TBA-TBA,Deborah Pasturel,ONLINE,OL Download Syllabus for ARTS 2A 50Z 
00121,ARTS 2B,50Z,WL,"""History of Art: Europe During the Middle Ages and the Renaissance""",·······,TBA-TBA,Linda Becerril,ONLINE,OL Download Syllabus for ARTS 2B 50Z 
25978,ARTS 2C,65Z,WL,"""History of Art: Europe from the Baroque Period Through Impressionism""",·······,TBA-TBA,Elizabeth Mjelde,ONLINE,OL Download Syllabus for ARTS 2C 65Z 
00123,ARTS 2D,50Z,Open,"""History of Art: Europe and the United States from Post-Impressionism to the Present""",·······,TBA-TBA,Linda Becerril,ONLINE,OL Download Syllabus for ARTS 2D 50Z 
00127,ARTS 2F,61Z,Open,"""History of Art (Multicultural Arts in the United States)""",·······,TBA-TBA,Catie Cadge-Moore,ONLINE,OL 
02534,ARTS 2F,62Z,Open,"""History of Art (Multicultural Arts in the United States)""",·······,TBA-TBA,Catie Cadge-Moore,ONLINE,OL 
25791,ARTS 2G,61Z,Open,"""History of Art: Arts of Asia""",·······,TBA-TBA,So Kam Lee,ONLINE,OL 
27624,ARTS 2J,60Z,WL,"""History of Art: Arts of Africa, Oceania and Native North America""",·······,TBA-TBA,Catie Cadge-Moore,ONLINE,OL 
25297,ARTS 3TC,50Z,WL,"""Women and Art""",·······,TBA-TBA,Natasha Kleit,ONLINE,OL Download Syllabus for ARTS 3TC 50Z 
22909,ARTS 4A,52Z,WL,"""Beginning Drawing""",·······,TBA-TBA,Masako Miki,ONLINE,OL Download Syllabus for ARTS 4A 52Z 
22908,ARTS 4A,53Z,Open,"""Beginning Drawing""",·······,TBA-TBA,Masako Miki,ONLINE,OL Download Syllabus for ARTS 4A 53Z 
25422,ARTS 4A,54Z,Open,"""Beginning Drawing""",·······,TBA-TBA,Meiru Huang,ONLINE,OL Download Syllabus for ARTS 4A 54Z 
27644,ARTS 4B,01Z,WL,"""Intermediate Drawing""",·······,TBA-TBA,Meiru Huang,ONLINE,OL Download Syllabus for ARTS 4B 01Z 
22913,ARTS 8,51Z,WL,"""Two-Dimensional Design""",·······,TBA-TBA,Eugene Rodriguez,ONLINE,OL Download Syllabus for ARTS 8 51Z 
22917,ARTS 12,50Z,Open,"""Design and Color""",·······,TBA-TBA,Eugene Rodriguez,ONLINE,OL Download Syllabus for ARTS 12 50Z 
24141,ARTS 53,65Z,WL,"""Introduction to Graphic Design: Vector Illustration""",·······,TBA-TBA,Marco Marquez,ONLINE,OL Download Syllabus for ARTS 53 65Z 
26507,ARTS 55A,01Z,WL,"""Graphic Design-Communication I""",·······,TBA-TBA,Marco Marquez,ONLINE,OL Download Syllabus for ARTS 55A 01Z 
27076,ARTS 56,50Z,WL,"""Graphic Design: Page Layout for Digital Publishing""",·······,TBA-TBA,Marco Marquez,ONLINE,OL Download Syllabus for ARTS 56 50Z 
25794,ASAM 1,61Z,Open,"""Asian American Experiences Past to Present""",·······,TBA-TBA,Mae Lee,ONLINE,OL 
27800,ASAM 11,60Z,Open,"""Asian Americans and Racism""",·······,TBA-TBA,Mae Lee,ONLINE,OL 
27626,ASAM 20,60Z,WL,"""Asian Pacific American Literature""",·······,TBA-TBA,Francesca Caparas,ONLINE,OL 
25792,ASAM 40,61Z,Open,"""History of Art: Arts of Asia""",·······,TBA-TBA,So Kam Lee,ONLINE,OL 
25797,ASAM 41,61Z,Open,"""Introduction to Korean Popular Culture""",·······,TBA-TBA,Young Jung,ONLINE,OL 
00207,ASTR 4,01Z,Open,"""Solar System Astronomy""",·T·R···,01:30 PM-02:20 PM,Rachel Mastrapa,ONLINE,OL 
00209,ASTR 4,02Z,Open,"""Solar System Astronomy""",·T·R···,02:30 PM-03:20 PM,Srikar Srinath,ONLINE,OL 
00206,ASTR 4,50Z,Open,"""Solar System Astronomy""",·······,TBA-TBA,Caitlin Marie Kepple,ONLINE,OL 
00208,ASTR 4,61Z,WL,"""Solar System Astronomy""",·······,TBA-TBA,Rachel Mastrapa,ONLINE,OL 
24967,ASTR 4,62Z,Open,"""Solar System Astronomy""",·······,TBA-TBA,Marek Cichanski,ONLINE,OL 
25942,ASTR 4,63Z,Open,"""Solar System Astronomy""",·······,TBA-TBA,Marek Cichanski,ONLINE,OL 
00210,ASTR 4,65Z,WL,"""Solar System Astronomy""",·······,TBA-TBA,Eric Peterson,ONLINE,OL Download Syllabus for ASTR 4 65Z 
25461,ASTR 10,51Z,Open,"""Stellar Astronomy""",·······,TBA-TBA,Eric Peterson,ONLINE,OL Download Syllabus for ASTR 10 51Z 
26472,AUTO 57A,55Z,WL,"""Career Research and Employment in the Automotive Industry""",·······,TBA-TBA,Brett Johnson,ONLINE,OL 
21639,BIOL 45,01Z,Open,"""Introduction to Human Nutrition""",·······,TBA-TBA,Anna Miller,ONLINE,OL Download Syllabus for BIOL 45 01Z 
27302,BIOL 45,02Z,Open,"""Introduction to Human Nutrition""",·······,TBA-TBA,Anna Miller,ONLINE,OL 
27848,BIOL 54I,50Z,Open,"""Applied Human Anatomy and Physiology: Coordination and Transport""",·······,TBA-TBA,Judy Cuff-Alvarado,ONLINE,OL 
27849,BIOL 54J,50Z,WL,"""Applied Human Anatomy and Physiology: Absorption, Excretion, and Reproduction""",·······,TBA-TBA,Judy Cuff-Alvarado,ONLINE,$LOLLQ 
00297,BUS 10,62Z,WL,"""Introduction to Business""",·······,TBA-TBA,Byron Lilly,ONLINE,OL Download Syllabus for BUS 10 62Z 
24564,BUS 10,65Z,Open,"""Introduction to Business""",·······,TBA-TBA,Michele Fritz,ONLINE,OL 
00290,BUS 10,66Z,Open,"""Introduction to Business""",·······,TBA-TBA,Byron Lilly,ONLINE,OL Download Syllabus for BUS 10 66Z 
26452,BUS 10,67Z,Open,"""Introduction to Business""",·······,TBA-TBA,Michele Fritz,ONLINE,OL 
26453,BUS 10,68Z,Open,"""Introduction to Business""",·······,TBA-TBA,Wenlei Shan,ONLINE,OL 
27658,BUS 10,69Z,WL,"""Introduction to Business""",·······,TBA-TBA,Guillermo Hernandez,ONLINE,OLLQ 
27990,BUS 18,11Z,Open,"""Business Law I""",M·W····,01:30 PM-02:45 PM,Sandra Spencer,ONLINE,OL 
27991,BUS 18,12Z,Open,"""Business Law I""",M·W····,11:00 AM-12:15 PM,Sandra Spencer,ONLINE,OL 
25984,BUS 18,15Z,Open,"""Business Law I""",·T·R···,01:30 PM-02:45 PM,Joseph Barbeau,ONLINE,OL 
27902,BUS 18,16Z,Open,"""Business Law I""",·T·R···,06:00 PM-07:15 PM,Joseph Barbeau,ONLINE,OL Download Syllabus for BUS 18 16Z 
00307,BUS 18,62Z,WL,"""Business Law I""",·······,TBA-TBA,Dan Salah,ONLINE,OL Download Syllabus for BUS 18 62Z 
00308,BUS 21,62Z,Open,"""Business and Society""",·······,TBA-TBA,Byron Lilly,ONLINE,OL Download Syllabus for BUS 21 62Z 
26506,BUS 50,62Z,Open,"""Nonprofit Corporations""",·······,TBA-TBA,Mary Hiland,ONLINE,OL Download Syllabus for BUS 50 62Z 
27992,BUS 54,11Z,Open,"""Business Mathematics""",M·W····,09:30 AM-10:45 AM,Sandra Spencer,ONLINE,OL 
20974,BUS 55,62Z,Open,"""Introduction to Entrepreneurship""",·······,TBA-TBA,Kimberlee Andrews-Bingham,ONLINE,OL Download Syllabus for BUS 55 62Z 
00311,BUS 56,62Z,Open,"""Human Relations in the Workplace""",·······,TBA-TBA,Lale Yurtseven,ONLINE,OL 
24665,BUS 57,62Z,Open,"""Human Resource Management""",·······,TBA-TBA,Kimberlee Andrews-Bingham,ONLINE,OL Download Syllabus for BUS 57 62Z 
25458,BUS 60,01Z,Open,"""International Business Management""",M·W····,04:30 PM-05:45 PM,Brian Bennett,ONLINE,OL 
27632,BUS 60,01GZ,Full,"""International Business Management""",M·W····,04:30 PM-05:45 PM,Brian Bennett,ONLINE,OL 
27652,BUS 60,62Z,Open,"""International Business Management""",·······,TBA-TBA,Lale Yurtseven,ONLINE,OL 
21638,BUS 65,62Z,Open,"""Leadership""",·······,TBA-TBA,Michele Fritz,ONLINE,OL 
27067,BUS 70,62Z,Open,"""Principles of E-Commerce""",·······,TBA-TBA,Guillermo Hernandez,ONLINE,OL 
27069,BUS 85,62Z,WL,"""Business Communication""",·······,TBA-TBA,Oduro Takyi,ONLINE,OLLQ 
21223,BUS 87,62Z,Open,"""Introduction to Selling""",·······,TBA-TBA,Oduro Takyi,ONLINE,OL 
27831,BUS 89,50Z,Open,"""Advertising""",·······,TBA-TBA,Dionne Morgan,ONLINE,OL 
27641,BUS 90,01Z,Open,"""Principles of Marketing""",·T·R···,02:20 PM-03:50 PM,Gordon Smith,ONLINE,OL 
27651,BUS 90,01GZ,Open,"""Principles of Marketing""",·T·R···,02:20 PM-03:50 PM,Gordon Smith,ONLINE,OL 
00323,BUS 90,62Z,Open,"""Principles of Marketing""",·······,TBA-TBA,Emily Garbe,ONLINE,$LOL 
27653,BUS 90,65Z,Open,"""Principles of Marketing""",·······,TBA-TBA,Dionne Morgan,ONLINE,OL 
21660,BUS 91,62Z,Open,"""Introduction to Personal Finance""",·······,TBA-TBA,Dan Salah,ONLINE,OL Download Syllabus for BUS 91 62Z 
20989,BUS 96,62Z,Open,"""Principles of Management""",·······,TBA-TBA,Michele Fritz,ONLINE,OL 
00329,CD 10G,50Z,Open,"""Child Development (The Early Years)""",·······,TBA-TBA,"SUN, LI WEI",ONLINE,OL 
00331,CD 10G,51Z,WL,"""Child Development (The Early Years)""",·······,TBA-TBA,Cristina Leal,ONLINE,OL 
00333,CD 10H,01Z,WL,"""Child Growth and Development (Middle Childhood and Adolescence)""",··W····,06:30 PM-10:20 PM,Jila Maleksalehi,ONLINE,OL 
00335,CD 10H,02Z,Open,"""Child Growth and Development (Middle Childhood and Adolescence)""",···R···,10:30 AM-12:20 PM,Julie Kennedy,ONLINE,OL 
00337,CD 12,01Z,Open,"""Child, Family and Community Interrelationships""",·T·····,10:30 AM-11:20 AM,Nellie Vargas,ONLINE,OL 
22826,CD 12,02EZ,Open,"""Child, Family and Community Interrelationships""",·······,TBA-TBA,"SUN, LI WEI",ONLINE,OL 
23155,CD 50,52Z,Open,"""Principles and Practices of Teaching Young Children""",·······,TBA-TBA,"SUN, LI WEI",ONLINE,OL 
21537,CD 52,01Z,Open,"""Observation and Assessment of Children""",···R···,06:30 PM-08:20 PM,Zana Wilkie,ONLINE,OL 
21538,CD 54,01Z,Open,"""Curriculum for Early Childhood Programs""",·T·····,01:30 PM-02:20 PM,Nellie Vargas,ONLINE,OL 
27729,CD 54,02Z,Open,"""Curriculum for Early Childhood Programs""",··W····,06:30 PM-09:20 PM,Phyllis De Motta,ONLINE,OL 
23968,CD 55,01Z,Open,"""Literacy Development and Activities for the Young Child""",M······,06:30 PM-08:20 PM,Jayanti Roy,ONLINE,OL 
23190,CD 58,01Z,Open,"""Infant/Toddler Development""",·T·····,11:30 AM-02:20 PM,Fatemeh Zarghami,ONLINE,OL Download Syllabus for CD 58 01Z 
00353,CD 59G,01Z,Open,"""Supervision and Administration of Child Development Programs (Management Systems)""",·T·····,06:30 PM-10:20 PM,Jayanti Roy,ONLINE,OL 
21961,CD 64,50Z,Open,"""Health, Safety, and Nutrition for the Young Child""",·······,TBA-TBA,Richard Zalman,ONLINE,OL 
27158,CD 68,01Z,Open,"""Teaching in a Diverse Society""",··W····,06:30 PM-09:20 PM,Jayanti Roy,ONLINE,OL 
24893,CD 73,01Z,Open,"""Early Childhood Mental Health""",··W····,11:30 AM-01:20 PM,Fatemeh Zarghami,ONLINE,OL Download Syllabus for CD 73 01Z 
26997,CETH 8,61Z,Open,"""Women of Color in the USA""",·······,TBA-TBA,Marc Coronado,ONLINE,OL 
26399,CETH 10,63Z,WL,"""Race, Ethnicity and Inequality""",·······,TBA-TBA,Mae Lee,ONLINE,OL 
26401,CETH 13,61Z,Open,"""History of Art (Multicultural Arts in the United States)""",·······,TBA-TBA,Catie Cadge-Moore,ONLINE,OL 
26406,CETH 13,62Z,WL,"""History of Art (Multicultural Arts in the United States)""",·······,TBA-TBA,Catie Cadge-Moore,ONLINE,OL 
26402,CETH 29,65Z,WL,"""Ethnic Studies, Cultural Pluralism, and American Law and Justice""",·······,TBA-TBA,Meghan Kensler,ONLINE,OL 
21601,CHEM 10,22Z,Open,"""Introductory Chemistry""",M·W····,08:30 AM-10:20 AM,"LAK, PARNIAN",ONLINE,OL 
27018,CHLX 10,60Z,WL,"""Introduction to Chicanx and Latinx Studies""",·······,TBA-TBA,Felipe Ponce,ONLINE,OL 
27340,CHLX 10,61Z,Open,"""Introduction to Chicanx and Latinx Studies""",·······,TBA-TBA,Robert Unzueta,ONLINE,OL 
27348,CHLX 10,62Z,Open,"""Introduction to Chicanx and Latinx Studies""",·······,TBA-TBA,Robert Unzueta,ONLINE,OL 
27017,CHLX 13,60Z,WL,"""The Chicanx and Latinx and the Arts""",·······,TBA-TBA,Angelina Loyola,ONLINE,OL 
00469,CIS 2,62Z,Open,"""Computers and the Internet in Society""",·······,TBA-TBA,Valerie Taylor,ONLINE,OL Download Syllabus for CIS 2 62Z 
00471,CIS 3,02Z,Open,"""Business Information Systems""",·T·····,06:00 PM-06:50 PM,Hoang Nguyen,ONLINE,OL 
20371,CIS 3,62Z,Open,"""Business Information Systems""",·······,TBA-TBA,Spera Georgiou,ONLINE,OL Download Syllabus for CIS 3 62Z 
02638,CIS 3,74Z,Open,"""Business Information Systems""",·······,TBA-TBA,Alexander Morgan Jr,ONLINE,OL Download Syllabus for CIS 3 74Z 
26036,CIS 4,03Z,Open,"""Computer Literacy""",·T·····,03:30 PM-04:20 PM,Anita Whitehill,ONLINE,OL 
22333,CIS 4,62Z,Open,"""Computer Literacy""",·······,TBA-TBA,Linda West,ONLINE,OL Download Syllabus for CIS 4 62Z 
26498,CIS 5,61Z,Open,"""Swift Programming""",·······,TBA-TBA,Manish Goel,ONLINE,OL 
27728,CIS 6,62Z,Open,"""Introduction to Data Communication and Networking""",·······,TBA-TBA,Spera Georgiou,ONLINE,OL Download Syllabus for CIS 6 62Z 
21790,CIS 14A,62Z,Open,"""Visual Basic .NET Programming I""",·······,TBA-TBA,Arthur Linn Jr,ONLINE,OL Download Syllabus for CIS 14A 62Z 
00479,CIS 18A,12Z,WL,"""Introduction to Unix/Linux""",M·W····,06:00 PM-06:50 PM,Lalitha Krishnamurthy,ONLINE,OL 
02644,CIS 21JA,01Z,WL,"""Introduction to x86 Processor Assembly Language and Computer Architecture""",·T·R···,01:30 PM-02:20 PM,Abeer Alameer,ONLINE,OL 
22853,CIS 21JA,62Z,WL,"""Introduction to x86 Processor Assembly Language and Computer Architecture""",·······,TBA-TBA,Abeer Alameer,ONLINE,OL 
26235,CIS 21JA,63Z,WL,"""Introduction to x86 Processor Assembly Language and Computer Architecture""",·······,TBA-TBA,Yau Lau,ONLINE,OL 
21716,CIS 22A,05Z,WL,"""Beginning Programming Methodologies in C++""",M·W····,01:30 PM-03:20 PM,Ira Oldham,ONLINE,OL Download Syllabus for CIS 22A 05Z 
27781,CIS 22A,06Z,WL,"""Beginning Programming Methodologies in C++""",·T·R···,04:30 PM-06:20 PM,Alexandre Stoykov,ONLINE,OL 
22584,CIS 22A,50Z,Open,"""Beginning Programming Methodologies in C++""",·······,TBA-TBA,"LAM, AN",ONLINE,OL 
22329,CIS 22A,57Z,WL,"""Beginning Programming Methodologies in C++""",·······,TBA-TBA,"LIN, MAY",ONLINE,OL 
22006,CIS 22A,06GZ,Open,"""Beginning Programming Methodologies in C++""",·T·R···,04:30 PM-06:20 PM,Alexandre Stoykov,ONLINE,OL 
23868,CIS 22A,62Z,WL,"""Beginning Programming Methodologies in C++""",·······,TBA-TBA,Mary Pape,ONLINE,OL 
21720,CIS 22B,02Z,Open,"""Intermediate Programming Methodologies in C++""",·T·····,06:00 PM-07:15 PM,Manish Goel,AT311,OL 
22325,CIS 22B,03Z,WL,"""Intermediate Programming Methodologies in C++""",M·W····,09:30 AM-11:20 AM,Edward Ahrens,ONLINE,OL 
21719,CIS 22B,04Z,WL,"""Intermediate Programming Methodologies in C++""",M·W····,01:30 PM-03:20 PM,Edward Ahrens,ONLINE,OL 
26233,CIS 22B,63Z,WL,"""Intermediate Programming Methodologies in C++""",·······,TBA-TBA,Hann So,ONLINE,OL 
27965,CIS 22B,73Z,Open,"""Intermediate Programming Methodologies in C++""",·······,TBA-TBA,Linyun Yu,ONLINE,OL 
26034,CIS 22C,03Z,WL,"""Data Abstraction and Structures""",·······,TBA-TBA,Kamran Eftekhari,ONLINE,OL 
22320,CIS 22C,50Z,WL,"""Data Abstraction and Structures""",·······,TBA-TBA,Kamran Eftekhari,ONLINE,OL 
22855,CIS 22C,62Z,Open,"""Data Abstraction and Structures""",·······,TBA-TBA,Jennifer Parrish,ONLINE,OL 
22958,CIS 29,11Z,Open,"""Advanced C++ Programming""",·T·R···,06:00 PM-07:50 PM,Grant Larkin,ONLINE,OL 
00484,CIS 35A,01Z,Open,"""Java Programming""",M······,01:30 PM-03:20 PM,Linyun Yu,ONLINE,OL 
23382,CIS 35A,62Z,WL,"""Java Programming""",·······,TBA-TBA,Felix Amoruwa,ONLINE,OL 
25935,CIS 40,01Z,WL,"""Introduction to Programming in Python""",·T·R···,04:30 PM-06:20 PM,Yau Lau,ONLINE,OL 
26032,CIS 40,03Z,WL,"""Introduction to Programming in Python""",··W····,01:30 PM-02:20 PM,Anita Whitehill,ONLINE,OL 
26785,CIS 40,01GZ,Full,"""Introduction to Programming in Python""",·T·R···,04:30 PM-06:20 PM,Yau Lau,ONLINE,OL 
26035,CIS 40,62Z,WL,"""Introduction to Programming in Python""",·······,TBA-TBA,Alexandre Stoykov,ONLINE,OL 
27462,CIS 40,63Z,Full,"""Introduction to Programming in Python""",·······,TBA-TBA,Mirsaeid Abolghasemi,ONLINE,OLLQ 
23384,CIS 41A,01Z,Open,"""Python Programming""",·T·R···,03:30 PM-05:20 PM,Ira Oldham,ONLINE,OL Download Syllabus for CIS 41A 01Z 
26033,CIS 41A,62Z,WL,"""Python Programming""",·······,TBA-TBA,Mirsaeid Abolghasemi,ONLINE,OL 
25218,CIS 41B,01Z,Open,"""Advanced Python Programming""",M·W····,06:00 PM-07:50 PM,Grant Larkin,ONLINE,OL 
27305,CIS 44A,62Z,Open,"""Database Management Systems""",·······,TBA-TBA,Tuan Nguyen,ONLINE,OL 
27312,CIS 46,62Z,WL,"""Fundamentals of Digital Security""",·······,TBA-TBA,Joseph Lam,ONLINE,OL 
25934,CIS 64B,02Z,WL,"""Introduction to SQL""",·······,TBA-TBA,Sukhjit Singh,ONLINE,OL 
22859,CIS 64C,02Z,Open,"""Introduction to PL/SQL""",·······,TBA-TBA,Sukhjit Singh,ONLINE,OL 
25933,CIS 64G,62Z,Open,"""Data Visualization Methodology and Tools""",·······,TBA-TBA,Manish Goel,ONLINE,OL 
27779,CIS 69A,01Z,Open,"""Technical Support Fundamentals""",··W····,06:00 PM-06:50 PM,Luis Barreto,ONLINE,OL 
27777,CIS 69D,01Z,Open,"""System Administration and IT Infrastructure Services""",M······,06:00 PM-06:50 PM,Luis Barreto,ONLINE,OL 
25295,CIS 79,62Z,Open,"""Managing Technology Projects""",·······,TBA-TBA,Robert Slate,ONLINE,OL Download Syllabus for CIS 79 62Z 
00494,CIS 89A,62Z,WL,"""Web Page Development""",·······,TBA-TBA,Valerie Taylor,ONLINE,OL Download Syllabus for CIS 89A 62Z 
26016,CIS 89C,62Z,WL,"""Client-Side Programming with JavaScript""",·······,TBA-TBA,Arthur Linn Jr,ONLINE,OL Download Syllabus for CIS 89C 62Z 
27655,CIS 95A,15Z,Open,"""Project Management - A Practicum""",·····S·,08:30 AM-06:20 PM,Sukhjit Singh,ONLINE,OLLQ 
27657,CIS 95B,15Z,WL,"""Project Planning and Control - A Practicum""",·····S·,09:30 AM-05:20 PM,Sukhjit Singh,ONLINE,OLLQ 
21723,CIS 98,62Z,Open,"""Digital Image Editing Software (Photoshop)""",·······,TBA-TBA,Patricia Holmes,ONLINE,OL 
23077,CIS 99,62Z,Open,"""Office Software Applications""",·······,TBA-TBA,Patricia Holmes,ONLINE,OL 
24252,CIS 102,62Z,WL,"""Ethical Hacking""",·······,TBA-TBA,Len Fisk,ONLINE,OL Download Syllabus for CIS 102 62Z 
21722,CIS 108,62Z,WL,"""Personal Computer Security Basics""",·······,TBA-TBA,Joseph Lam,ONLINE,OL 
27228,CIS 308,62Z,WL,"""Personal Computer Security Basics""",·······,TBA-TBA,Joseph Lam,ONLINE,OL 
27235,CIS 318A,04Z,Open,"""Introduction to Unix/Linux""",M·W····,06:00 PM-06:50 PM,Lalitha Krishnamurthy,ONLINE,OL 
26555,CIS 340,05Z,Open,"""Introduction to Programming in Python""",··W····,01:30 PM-02:20 PM,Anita Whitehill,ONLINE,OL 
27782,CIS 340,62Z,Open,"""Introduction to Programming in Python""",·······,TBA-TBA,Alexandre Stoykov,ONLINE,OL 
27780,CIS 369A,01Z,Open,"""Technical Support Fundamentals""",··W····,06:00 PM-06:50 PM,Luis Barreto,ONLINE,OL 
27778,CIS 369D,01Z,Open,"""System Administration and IT Infrastructure Services""",M······,06:00 PM-06:50 PM,Luis Barreto,ONLINE,OL 
27233,CIS 398,62Z,Open,"""Digital Image Editing Software (Photoshop)""",·······,TBA-TBA,Patricia Holmes,ONLINE,OL 
27234,CIS 399,99Z,Open,"""Office Software Applications""",·······,TBA-TBA,Patricia Holmes,ONLINE,OL 
25330,CLP 5,62Z,Open,"""College Major and Career Options""",·······,TBA-TBA,"JOPLIN-LIGHTFOOTE, NATASHA",ONLINE,OL 
25838,CLP 5,65Z,WL,"""College Major and Career Options""",·······,TBA-TBA,Yolanda Johnson,ONLINE,OL 
26509,CLP 7,01Z,Open,"""Self-Assessment""",··W····,09:30 AM-10:20 AM,Robert Alexander,ONLINE,OL 
25835,CLP 7,62Z,WL,"""Self-Assessment""",·······,TBA-TBA,Pauline Wethington,ONLINE,OL 
24246,COMM 1,01Z,Open,"""Public Speaking""",M·W····,07:30 AM-09:45 AM,Joel Sakakihara,ONLINE,OL 
24358,COMM 1,51Z,WL,"""Public Speaking""",M·W····,06:30 PM-08:45 PM,Stephen Hinerman,ONLINE,$0OL Download Syllabus for COMM 1 51Z 
24353,COMM 1,52Z,Open,"""Public Speaking""",·······,TBA-TBA,Alex Kramer,ONLINE,OL 
24357,COMM 1,53Z,Open,"""Public Speaking""",·······,TBA-TBA,Nick Chivers,ONLINE,$0OL Download Syllabus for COMM 1 53Z 
24362,COMM 1,54Z,Open,"""Public Speaking""",·······,TBA-TBA,Thalia Bobadilla,ONLINE,$0OL 
24369,COMM 1,55Z,WL,"""Public Speaking""",·······,TBA-TBA,James Ahern,ONLINE,$0OL Download Syllabus for COMM 1 55Z 
25456,COMM 1,56Z,Open,"""Public Speaking""",·······,TBA-TBA,Royce Cano,ONLINE,$0OL Download Syllabus for COMM 1 56Z 
24350,COMM 1,57Z,Open,"""Public Speaking""",·······,TBA-TBA,Roxanne Cnudde,ONLINE,$0OL Download Syllabus for COMM 1 57Z 
24351,COMM 1,58Z,Open,"""Public Speaking""",·······,TBA-TBA,Tina Lim,ONLINE,$0OL Download Syllabus for COMM 1 58Z 
24351,COMM 1,58Z,Open,"""Public Speaking""",·······,TBA-TBA,Tina Lim,ONLINE,$0OL Download Syllabus for COMM 1 58Z 
25455,COMM 1,59Z,Open,"""Public Speaking""",·······,TBA-TBA,Nick Chivers,ONLINE,$0OL Download Syllabus for COMM 1 59Z 
26309,COMM 1,60Z,Open,"""Public Speaking""",·······,TBA-TBA,Roxanne Cnudde,ONLINE,$0OL Download Syllabus for COMM 1 60Z 
27361,COMM 1,62Z,Open,"""Public Speaking""",·······,TBA-TBA,Tina Lim,ONLINE,$0OL Download Syllabus for COMM 1 62Z 
27361,COMM 1,62Z,Open,"""Public Speaking""",·······,TBA-TBA,Tina Lim,ONLINE,$0OL Download Syllabus for COMM 1 62Z 
28016,COMM 1,63Z,Open,"""Public Speaking""",·······,TBA-TBA,Royce Cano,ONLINE,OL Download Syllabus for COMM 1 63Z 
24373,COMM 8,51Z,WL,"""Argumentation and Critical Inquiry in Oral Communication""",·······,TBA-TBA,Alex Kramer,ONLINE,$0OL 
24375,COMM 9,51Z,Open,"""Argumentation: Analysis of Oral and Written Communication""",·······,TBA-TBA,Brandon Gainer,ONLINE,$0OL Download Syllabus for COMM 9 51Z 
24376,COMM 10,50Z,WL,"""Fundamentals of Oral Communication""",·······,TBA-TBA,Stephanie Anderson,ONLINE,$0OL Download Syllabus for COMM 10 50Z 
24391,COMM 10,51Z,WL,"""Fundamentals of Oral Communication""",·······,TBA-TBA,Stephanie Anderson,ONLINE,$0OL Download Syllabus for COMM 10 51Z 
24394,COMM 15,51Z,Open,"""Critical Decision-Making in Groups""",·······,TBA-TBA,Brandon Gainer,ONLINE,OL Download Syllabus for COMM 15 51Z 
24396,COMM 16,50Z,Open,"""Interpersonal Communication""",·······,TBA-TBA,Nick Chivers,ONLINE,OL Download Syllabus for COMM 16 50Z 
27155,COMM 70,50Z,WL,"""Organizational Communication""",·······,TBA-TBA,Shagundeep Kaur,ONLINE,$0OL Download Syllabus for COMM 70 50Z 
27756,COUN 5,04Z,Open,"""Introduction to College""",····F··,10:30 AM-11:20 AM,Khoa Nguyen,ONLINE,OLLQ 
27757,COUN 5,05Z,Open,"""Introduction to College""",·······,TBA-TBA,Mark Fu,ONLINE,OLLQ 
27833,COUN 5,06Z,Open,"""Introduction to College""",·······,TBA-TBA,Tamara Goldie,ONLINE,OLLQ 
27834,COUN 5,07Z,Open,"""Introduction to College""",·······,TBA-TBA,Melinda Hughes,ONLINE,OLLQ 
23049,DANC 38A,50Z,Open,"""Appreciation of Dance""",·······,TBA-TBA,Vernon Gallegos,ONLINE,OL Download Syllabus for DANC 38A 50Z 
23049,DANC 38A,50Z,Open,"""Appreciation of Dance""",·······,TBA-TBA,Vernon Gallegos,ONLINE,OL Download Syllabus for DANC 38A 50Z 
22781,DMT 60A,62Z,Open,"""SolidWorks (Introduction)""",·······,TBA-TBA,Paul Klingman,ONLINE,OL 
26679,DMT 61A,62Z,Open,"""SolidWorks (Intermediate)""",·······,TBA-TBA,Paul Klingman,ONLINE,OL 
26630,DMT 62A,62Z,Open,"""SolidWorks: Top-Down Design and Advanced System Tools""",·······,TBA-TBA,Paul Klingman,ONLINE,OL 
00648,ECON 1,02Z,Open,"""Principles of Macroeconomics""",····F··,09:30 AM-01:20 PM,John Brady,ONLINE,OL 
24699,ECON 1,51Z,Open,"""Principles of Macroeconomics""",·······,TBA-TBA,Ravjeet Singh,ONLINE,OL 
27712,ECON 1,52Z,Full,"""Principles of Macroeconomics""",·······,TBA-TBA,Stephen Blohm,ONLINE,OLLQ 
00643,ECON 1,53Z,Open,"""Principles of Macroeconomics""",·······,TBA-TBA,Ninos Malek,ONLINE,OL 
28004,ECON 1,54Z,Full,"""Principles of Macroeconomics""",·······,TBA-TBA,Manisha Perera,ONLINE,OLLQ 
00646,ECON 1,55Z,Open,"""Principles of Macroeconomics""",·······,TBA-TBA,Stephen Zill,ONLINE,OL 
25851,ECON 1,57Z,Open,"""Principles of Macroeconomics""",·······,TBA-TBA,Monika Thomas,ONLINE,OL 
20265,ECON 1,62Z,Open,"""Principles of Macroeconomics""",·······,TBA-TBA,Don Uy-Barreta,ONLINE,OL 
28007,ECON 1H,55Z,Open,"""Principles of Macroeconomics - HONORS""",·······,TBA-TBA,Stephen Zill,ONLINE,OL 
25248,ECON 2,50Z,Open,"""Principles of Microeconomics""",·······,TBA-TBA,Ravjeet Singh,ONLINE,$LOL 
00654,ECON 2,51Z,Open,"""Principles of Microeconomics""",·······,TBA-TBA,Monika Thomas,ONLINE,OL 
00655,ECON 2,52Z,Open,"""Principles of Microeconomics""",·······,TBA-TBA,Ravjeet Singh,ONLINE,OL 
00657,ECON 2,53Z,Open,"""Principles of Microeconomics""",·······,TBA-TBA,Don Uy-Barreta,ONLINE,OL 
27705,ECON 2,54Z,Open,"""Principles of Microeconomics""",·······,TBA-TBA,Manisha Perera,ONLINE,OL 
27708,ECON 2,55Z,Open,"""Principles of Microeconomics""",·······,TBA-TBA,Triyakshana Seshadri,ONLINE,OLLQ 
26426,ECON 2,56Z,Open,"""Principles of Microeconomics""",·······,TBA-TBA,Ninos Malek,ONLINE,OL 
27032,ECON 2,57Z,Open,"""Principles of Microeconomics""",·······,TBA-TBA,Stephen Blohm,ONLINE,OL 
27887,ECON 2H,52Z,Open,"""Principles of Microeconomics - HONORS""",·······,TBA-TBA,Ravjeet Singh,ONLINE,OL 
26430,ECON 3,50Z,Open,"""Environmental Economics""",·······,TBA-TBA,Monika Thomas,ONLINE,OL 
26425,ECON 5,50Z,Open,"""Behavioral Economics""",·······,TBA-TBA,Triyakshana Seshadri,ONLINE,OL 
26803,EDAC 233,03Z,Open,"""Professional Conduct""",··W····,04:00 PM-06:50 PM,Monica De Carvalho,ONLINE,OL 
26805,EDAC 233,04Z,Open,"""Professional Conduct""",··W····,04:00 PM-06:50 PM,"BENNETT, MARY",ONLINE,OL 
24856,EDAC 240,55Z,Open,"""Assistive Technology Access Evaluation""",·······,TBA-TBA,Sridevi Lakshmanan,ONLINE,OL Download Syllabus for EDAC 240 55Z 
24857,EDAC 290X,55Z,Open,"""Assistive Technology Access Practice""",·······,TBA-TBA,Sridevi Lakshmanan,ONLINE,OL Download Syllabus for EDAC 290X 55Z 
27596,EDUC 46,13Z,Open,"""Mathematics for Elementary Education""",·T·R···,04:00 PM-06:15 PM,Reza Shariatmadari,ONLINE,OL 
26814,ELIT 10,02Z,Open,"""Introduction to Fiction""",M·W····,10:30 AM-12:20 PM,Deborah Garfinkle,ONLINE,OL Download Syllabus for ELIT 10 02Z 
26038,ELIT 17,50Z,Open,"""Introduction to Shakespeare""",·······,TBA-TBA,Julie Pesano,ONLINE,OL Download Syllabus for ELIT 17 50Z 
27977,ELIT 17H,50Z,Open,"""Introduction to Shakespeare - HONORS""",·······,TBA-TBA,Julie Pesano,ONLINE,OL Download Syllabus for ELIT 17H 50Z 
25464,ELIT 21,50Z,Open,"""Women in Literature""",·······,TBA-TBA,Francesca Caparas,ONLINE,$LOL 
24915,ELIT 22,50Z,Open,"""Mythology and Folklore""",·······,TBA-TBA,Adam Sandel,ONLINE,OL Download Syllabus for ELIT 22 50Z 
27627,ELIT 24,60Z,WL,"""Asian Pacific American Literature""",·······,TBA-TBA,Francesca Caparas,ONLINE,OL 
27269,ELIT 39,50Z,Open,"""Contemporary Literature""",·······,TBA-TBA,Kim Palmore,ONLINE,OL 
25401,ES 1,50Z,Open,"""Introduction to Environmental Studies""",·······,TBA-TBA,Alicia De Toro,ONLINE,OL 
25405,ES 1,51Z,Open,"""Introduction to Environmental Studies""",·······,TBA-TBA,William Roeder,ONLINE,$0OL 
25406,ES 1,52Z,Open,"""Introduction to Environmental Studies""",·······,TBA-TBA,William Roeder,ONLINE,$0OL 
27817,ES 1,53Z,WL,"""Introduction to Environmental Studies""",·······,TBA-TBA,William Roeder,ONLINE,$0OLLQ 
27827,ES 1,54Z,WL,"""Introduction to Environmental Studies""",·······,TBA-TBA,Joshua McCluskey,ONLINE,OLLQ 
26061,ES 2,50Z,Open,"""Introduction to Sustainability""",·······,TBA-TBA,Alicia De Toro,ONLINE,OL 
20942,ES 3,50Z,Full,"""Imagery of the Environment""",·······,TBA-TBA,Lynn Thorensen,ONLINE,OL 
27828,ES 3,51Z,WL,"""Imagery of the Environment""",·······,TBA-TBA,Lynn Thorensen,ONLINE,OLLQ 
27819,ES 4,01Z,WL,"""Energy, the Environment, and Society""",·······,TBA-TBA,William Roeder,ONLINE,$0OLLQ 
20917,ES 6,50Z,Full,"""Introduction to Environmental Law""",·······,TBA-TBA,Jeff Staudinger,ONLINE,OL 
21691,ES 50,50Z,Open,"""Introduction to Environmental Resource Management and Pollution Prevention""",·······,TBA-TBA,Jeff Staudinger,ONLINE,OL 
24813,ES 58,50Z,WL,"""Introduction to Green Building""",·······,TBA-TBA,Ronald Wheelehan,ONLINE,OLLQ 
26158,ES 61L,50Z,WL,"""Environmental Resource Management and Pollution Prevention Laboratory""",·······,TBA-TBA,Jeff Staudinger,ONLINE,OLLQ 
23739,ES 64,62Z,Open,"""Climate Change Mitigation and Adaptation in California""",·······,TBA-TBA,Jeff Staudinger,ONLINE,OL 
27119,ES 69,50Z,Open,"""Energy Management Within Your Organization""",·······,TBA-TBA,Ronald Wheelehan,ONLINE,OLLQ 
26796,ES 71,50Z,WL,"""Introduction to Sustainable Buildings""",·······,TBA-TBA,Massimo Maniaci,ONLINE,OLLQ 
24825,ES 82,62Z,WL,"""Project Management and Technical Report Writing for Energy Professionals""",·······,TBA-TBA,Ronald Wheelehan,ONLINE,OLLQ 
24824,ES 83,62Z,WL,"""Energy Management Return on Investment""",·······,TBA-TBA,Massimo Maniaci,ONLINE,OLLQ 
02508,ESCI 1,01Z,Open,"""Environmental Science""",·T·R···,01:30 PM-03:20 PM,Helian Ratsirarson,ONLINE,OL 
27832,ESCI 1,02Z,Full,"""Environmental Science""",·······,TBA-TBA,Helian Ratsirarson,ONLINE,OL 
27795,ESCI 1,50Z,WL,"""Environmental Science""",·······,TBA-TBA,Alicia De Toro,ONLINE,OLLQ 
27798,ESCI 1,51Z,Full,"""Environmental Science""",·······,TBA-TBA,Ryan Phillips,ONLINE,OL 
23135,ESCI 1,52Z,Open,"""Environmental Science""",·······,TBA-TBA,Ryan Phillips,ONLINE,OL 
24226,ESCI 1,53Z,Open,"""Environmental Science""",·······,TBA-TBA,Mary Poffenroth,ONLINE,OL Download Syllabus for ESCI 1 53Z 
27830,ESCI 1,54Z,WL,"""Environmental Science""",·······,TBA-TBA,Jana Sanders,ONLINE,OLLQ 
27829,ESCI 1,55Z,WL,"""Environmental Science""",·······,TBA-TBA,Helian Ratsirarson,ONLINE,OLLQ 
26149,ESCI 1,56Z,Full,"""Environmental Science""",·······,TBA-TBA,Mary Poffenroth,ONLINE,OL Download Syllabus for ESCI 1 56Z 
23313,ESL 5,50Z,Open,"""Advanced Composition and Reading""",M·W····,06:30 PM-08:45 PM,Kathleen Haven,ONLINE,OL 
00719,ESL 5,51Z,Open,"""Advanced Composition and Reading""",·······,TBA-TBA,Iva Tracey,ONLINE,OL 
21829,ESL 5,52Z,Open,"""Advanced Composition and Reading""",·······,TBA-TBA,Maria Marin,ONLINE,$LOL 
26691,ESL 244,50Z,WL,"""Intermediate English as a Second Language""",MTWR···,09:30 AM-11:45 AM,Webster Hamilton,ONLINE,OL Download Syllabus for ESL 244 50Z 
22162,ESL 251,50Z,WL,"""High Intermediate Listening and Speaking""",·T·····,08:30 AM-10:20 AM,Marcy Betlach,ONLINE,OL 
26694,ESL 251,51Z,WL,"""High Intermediate Listening and Speaking""",M······,06:30 PM-08:20 PM,Lynh Nguyen,ONLINE,OL Download Syllabus for ESL 251 51Z 
27993,ESL 251,52Z,Open,"""High Intermediate Listening and Speaking""",·T·····,06:30 PM-08:20 PM,Daisy Lee,ONLINE,OL 
26695,ESL 255,50Z,Open,"""High Intermediate Grammar, Writing and Reading""",M·W····,08:30 AM-11:20 AM,Pati Carobus,ONLINE,OL Download Syllabus for ESL 255 50Z 
26698,ESL 255,51Z,Open,"""High Intermediate Grammar, Writing and Reading""",·T·R···,06:30 PM-09:20 PM,Cheri Newman,ONLINE,OL Download Syllabus for ESL 255 51Z 
27997,ESL 255,52Z,Open,"""High Intermediate Grammar, Writing and Reading""",M·W····,06:30 PM-09:20 PM,Daniel Tung,ONLINE,OL Download Syllabus for ESL 255 52Z 
27204,ESL 260B,50Z,Open,"""American English Pronunciation 2""",M·W····,06:30 PM-07:45 PM,Linda Yee,ONLINE,OL Download Syllabus for ESL 260B 50Z 
27204,ESL 260B,50Z,Open,"""American English Pronunciation 2""",M·W····,06:30 PM-07:45 PM,Linda Yee,ONLINE,OL Download Syllabus for ESL 260B 50Z 
24571,ESL 261,50Z,WL,"""Low Advanced Listening and Speaking""",·T·····,08:30 AM-10:20 AM,Iris Thot-Johnson,ONLINE,OL Download Syllabus for ESL 261 50Z 
24571,ESL 261,50Z,WL,"""Low Advanced Listening and Speaking""",·T·····,08:30 AM-10:20 AM,Iris Thot-Johnson,ONLINE,OL Download Syllabus for ESL 261 50Z 
23168,ESL 261,51Z,Open,"""Low Advanced Listening and Speaking""",M······,06:30 PM-08:20 PM,Marcy Betlach,ONLINE,OL 
27995,ESL 261,52Z,WL,"""Low Advanced Listening and Speaking""",·T·····,06:30 PM-08:20 PM,Gretchen Himes,ONLINE,OL 
26704,ESL 265,50Z,Open,"""Low Advanced Grammar, Writing and Reading""",M·W····,08:30 AM-11:20 AM,Ebru Goksel-Demir,ONLINE,OL 
26708,ESL 265,51Z,Open,"""Low Advanced Grammar, Writing and Reading""",·T·R···,06:30 PM-09:20 PM,Lisa Kohnhorst,ONLINE,OL Download Syllabus for ESL 265 51Z 
28001,ESL 265,52Z,WL,"""Low Advanced Grammar, Writing and Reading""",M·W····,06:30 PM-09:20 PM,Lucinda Cabral,ONLINE,OL 
25662,ESL 272,50Z,Open,"""Advanced Reading and Vocabulary""",M·W····,06:30 PM-08:20 PM,Maria Marin,ONLINE,OL 
22536,ESL 272,51Z,Open,"""Advanced Reading and Vocabulary""",··W····,01:30 PM-03:20 PM,Maria Marin,ONLINE,OL 
24613,ESL 272,52Z,Open,"""Advanced Reading and Vocabulary""",·······,TBA-TBA,Iva Tracey,ONLINE,OL 
23177,ESL 272,53Z,WL,"""Advanced Reading and Vocabulary""",·······,TBA-TBA,Linda Yee,ONLINE,OL Download Syllabus for ESL 272 53Z 
23177,ESL 272,53Z,WL,"""Advanced Reading and Vocabulary""",·······,TBA-TBA,Linda Yee,ONLINE,OL Download Syllabus for ESL 272 53Z 
02556,ESL 273,50Z,WL,"""Introduction to the Essay""",·T·R···,06:30 PM-08:20 PM,Lucinda Cabral,ONLINE,OL 
24612,ESL 273,51Z,WL,"""Introduction to the Essay""",··W····,01:30 PM-03:20 PM,Katelyn Endow,ONLINE,OL 
26710,ESL 273,52Z,WL,"""Introduction to the Essay""",·······,TBA-TBA,Katelyn Endow,ONLINE,OL 
27999,ESL 273,53Z,Open,"""Introduction to the Essay""",·······,TBA-TBA,Cheri Newman,ONLINE,OL Download Syllabus for ESL 273 53Z 
26711,ESL 274,50Z,Open,"""Advanced Grammar and Proofreading for Writers""",M·W····,01:30 PM-02:45 PM,Pati Carobus,ONLINE,OL Download Syllabus for ESL 274 50Z 
26714,ESL 444,50Z,Open,"""Intermediate English as a Second Language""",MTWR···,09:30 AM-11:45 AM,Webster Hamilton,ONLINE,OL Download Syllabus for ESL 444 50Z 
26717,ESL 451,50Z,WL,"""High Intermediate Listening and Speaking""",·T·····,08:30 AM-10:20 AM,Marcy Betlach,ONLINE,OL 
26720,ESL 451,51Z,WL,"""High Intermediate Listening and Speaking""",M······,06:30 PM-08:20 PM,Lynh Nguyen,ONLINE,OL Download Syllabus for ESL 451 51Z 
27994,ESL 451,52Z,WL,"""High Intermediate Listening and Speaking""",·T·····,06:30 PM-08:20 PM,Daisy Lee,ONLINE,OL 
26721,ESL 455,50Z,WL,"""High Intermediate Grammar, Writing and Reading""",M·W····,08:30 AM-11:20 AM,Pati Carobus,ONLINE,OL Download Syllabus for ESL 455 50Z 
26724,ESL 455,51Z,Open,"""High Intermediate Grammar, Writing and Reading""",·T·R···,06:30 PM-09:20 PM,Cheri Newman,ONLINE,OL Download Syllabus for ESL 455 51Z 
27998,ESL 455,52Z,Open,"""High Intermediate Grammar, Writing and Reading""",M·W····,06:30 PM-09:20 PM,Daniel Tung,ONLINE,OL Download Syllabus for ESL 455 52Z 
27207,ESL 460B,50Z,WL,"""American English Pronunciation 2""",M·W····,06:30 PM-07:45 PM,Linda Yee,ONLINE,OL Download Syllabus for ESL 460B 50Z 
27207,ESL 460B,50Z,WL,"""American English Pronunciation 2""",M·W····,06:30 PM-07:45 PM,Linda Yee,ONLINE,OL Download Syllabus for ESL 460B 50Z 
26725,ESL 461,50Z,WL,"""Low Advanced Listening and Speaking""",·T·····,08:30 AM-10:20 AM,Iris Thot-Johnson,ONLINE,OL Download Syllabus for ESL 461 50Z 
26725,ESL 461,50Z,WL,"""Low Advanced Listening and Speaking""",·T·····,08:30 AM-10:20 AM,Iris Thot-Johnson,ONLINE,OL Download Syllabus for ESL 461 50Z 
26729,ESL 461,51Z,Open,"""Low Advanced Listening and Speaking""",M······,06:30 PM-08:20 PM,Marcy Betlach,ONLINE,OL 
27996,ESL 461,52Z,WL,"""Low Advanced Listening and Speaking""",·T·····,06:30 PM-08:20 PM,Gretchen Himes,ONLINE,OL 
26730,ESL 465,50Z,Open,"""Low Advanced Grammar, Writing and Reading""",M·W····,08:30 AM-11:20 AM,Ebru Goksel-Demir,ONLINE,OL 
26734,ESL 465,51Z,Open,"""Low Advanced Grammar, Writing and Reading""",·T·R···,06:30 PM-09:20 PM,Lisa Kohnhorst,ONLINE,OL Download Syllabus for ESL 465 51Z 
28002,ESL 465,52Z,Open,"""Low Advanced Grammar, Writing and Reading""",M·W····,06:30 PM-09:20 PM,Lucinda Cabral,ONLINE,OL 
26739,ESL 472,50Z,Open,"""Advanced Reading and Vocabulary""",M·W····,06:30 PM-08:20 PM,Maria Marin,ONLINE,OL 
26738,ESL 472,52Z,Open,"""Advanced Reading and Vocabulary""",·······,TBA-TBA,Iva Tracey,ONLINE,OL 
26740,ESL 472,53Z,Open,"""Advanced Reading and Vocabulary""",·······,TBA-TBA,Linda Yee,ONLINE,OL Download Syllabus for ESL 472 53Z 
26740,ESL 472,53Z,Open,"""Advanced Reading and Vocabulary""",·······,TBA-TBA,Linda Yee,ONLINE,OL Download Syllabus for ESL 472 53Z 
27921,ESL 472,54Z,Open,"""Advanced Reading and Vocabulary""",··W····,01:30 PM-03:20 PM,Maria Marin,ONLINE,OL 
26745,ESL 473,50Z,Open,"""Introduction to the Essay""",·T·R···,06:30 PM-08:20 PM,Lucinda Cabral,ONLINE,OL 
26743,ESL 473,51Z,Open,"""Introduction to the Essay""",··W····,01:30 PM-03:20 PM,Katelyn Endow,ONLINE,OL 
26746,ESL 473,52Z,Open,"""Introduction to the Essay""",·······,TBA-TBA,Katelyn Endow,ONLINE,OL 
28000,ESL 473,53Z,Open,"""Introduction to the Essay""",·······,TBA-TBA,Cheri Newman,ONLINE,OL Download Syllabus for ESL 473 53Z 
27209,ESL 474,50Z,Open,"""Advanced Grammar and Proofreading for Writers""",M·W····,01:30 PM-02:45 PM,Pati Carobus,ONLINE,OL Download Syllabus for ESL 474 50Z 
25493,EWRT 1A,52Z,Open,"""Composition and Reading""",·······,TBA-TBA,Brian Malone,ONLINE,OL Download Syllabus for EWRT 1A 52Z 
25494,EWRT 1A,53Z,Open,"""Composition and Reading""",·······,TBA-TBA,Maryalice Bonilla,ONLINE,OL 
25495,EWRT 1A,54Z,WL,"""Composition and Reading""",·······,TBA-TBA,Mary Diehl,ONLINE,OL Download Syllabus for EWRT 1A 54Z 
25496,EWRT 1A,55Z,Open,"""Composition and Reading""",·······,TBA-TBA,Anne Marie Waldsmith,ONLINE,OL 
25497,EWRT 1A,56Z,WL,"""Composition and Reading""",·······,TBA-TBA,Raymond Brennan,ONLINE,OL Download Syllabus for EWRT 1A 56Z 
25498,EWRT 1A,57Z,Open,"""Composition and Reading""",·······,TBA-TBA,Randie Wann,ONLINE,OL Download Syllabus for EWRT 1A 57Z 
25499,EWRT 1A,58Z,Open,"""Composition and Reading""",·······,TBA-TBA,John Gravener,ONLINE,OL 
25139,EWRT 1A,59Z,Open,"""Composition and Reading""",·······,TBA-TBA,Richard Ferrie,ONLINE,OL 
22581,EWRT 1A,60Z,WL,"""Composition and Reading""",·······,TBA-TBA,Margaret Hanzimanolis,ONLINE,OL Download Syllabus for EWRT 1A 60Z 
22000,EWRT 1A,61Z,WL,"""Composition and Reading""",·······,TBA-TBA,Amy Leonard,ONLINE,OL 
00878,EWRT 1A,62Z,WL,"""Composition and Reading""",·······,TBA-TBA,Sarah Lisha,ONLINE,OL 
00880,EWRT 1A,63Z,Open,"""Composition and Reading""",·······,TBA-TBA,Ruth Trimble,ONLINE,OL Download Syllabus for EWRT 1A 63Z 
00880,EWRT 1A,63Z,Open,"""Composition and Reading""",·······,TBA-TBA,Ruth Trimble,ONLINE,OL Download Syllabus for EWRT 1A 63Z 
00874,EWRT 1A,64Z,Open,"""Composition and Reading""",·······,TBA-TBA,Maryalice Bonilla,ONLINE,OL 
27282,EWRT 1A,65Z,Open,"""Composition and Reading""",·······,TBA-TBA,Alexis Cattivera,ONLINE,OL Download Syllabus for EWRT 1A 65Z 
24573,EWRT 1A,67Z,Open,"""Composition and Reading""",·······,TBA-TBA,Marc Coronado,ONLINE,OL 
25090,EWRT 1A,68Z,Open,"""Composition and Reading""",·······,TBA-TBA,Margaret Hanzimanolis,ONLINE,OL Download Syllabus for EWRT 1A 68Z 
25663,EWRT 1A,69Z,WL,"""Composition and Reading""",·······,TBA-TBA,Rebecca Board Liljenstolpe,ONLINE,OL 
26979,EWRT 1A,70Z,WL,"""Composition and Reading""",·······,TBA-TBA,Lydia Hearn,ONLINE,OL 
27271,EWRT 1A,71Z,WL,"""Composition and Reading""",·······,TBA-TBA,Raymond Brennan,ONLINE,OL Download Syllabus for EWRT 1A 71Z 
27272,EWRT 1A,72Z,Open,"""Composition and Reading""",·······,TBA-TBA,Deborah Garfinkle,ONLINE,OL Download Syllabus for EWRT 1A 72Z 
27273,EWRT 1A,73Z,Open,"""Composition and Reading""",·······,TBA-TBA,Randie Wann,ONLINE,OL Download Syllabus for EWRT 1A 73Z 
27274,EWRT 1A,74Z,WL,"""Composition and Reading""",·······,TBA-TBA,Charles Gray,ONLINE,OL Download Syllabus for EWRT 1A 74Z 
27275,EWRT 1A,75Z,WL,"""Composition and Reading""",·······,TBA-TBA,Husne Jahan,ONLINE,OL Download Syllabus for EWRT 1A 75Z 
27276,EWRT 1A,76Z,WL,"""Composition and Reading""",·······,TBA-TBA,John Gravener,ONLINE,OL 
27277,EWRT 1A,77Z,Open,"""Composition and Reading""",·······,TBA-TBA,Alex Giardino,ONLINE,OL Download Syllabus for EWRT 1A 77Z 
27278,EWRT 1A,78Z,WL,"""Composition and Reading""",·······,TBA-TBA,Nga Huynh,ONLINE,OL 
27279,EWRT 1A,79Z,WL,"""Composition and Reading""",·······,TBA-TBA,Amy Leonard,ONLINE,OL 
27280,EWRT 1A,80Z,Open,"""Composition and Reading""",·······,TBA-TBA,Yeganeh Modirzadeh,ONLINE,OL Download Syllabus for EWRT 1A 80Z 
27281,EWRT 1A,81Z,Open,"""Composition and Reading""",·······,TBA-TBA,Diane Furlan,ONLINE,OL 
27877,EWRT 1AH,77Z,Open,"""Composition and Reading - HONORS""",·······,TBA-TBA,Alex Giardino,ONLINE,OL Download Syllabus for EWRT 1AH 77Z 
00892,EWRT 1B,50Z,Open,"""Reading, Writing and Research""",·······,TBA-TBA,Rebecca Board Liljenstolpe,ONLINE,OL 
00910,EWRT 1B,51Z,Open,"""Reading, Writing and Research""",·······,TBA-TBA,Lauren Gordon,ONLINE,OL 
26816,EWRT 2,11Z,Open,"""Critical Reading, Writing and Thinking""",·T·R···,06:30 PM-07:20 PM,Adam Sandel,ONLINE,OL Download Syllabus for EWRT 2 11Z 
00926,EWRT 2,50Z,Open,"""Critical Reading, Writing and Thinking""",·······,TBA-TBA,Alex Giardino,ONLINE,OL Download Syllabus for EWRT 2 50Z 
00929,EWRT 2,51Z,Open,"""Critical Reading, Writing and Thinking""",·······,TBA-TBA,Alex Giardino,ONLINE,OL Download Syllabus for EWRT 2 51Z 
02689,EWRT 2,53Z,WL,"""Critical Reading, Writing and Thinking""",·······,TBA-TBA,Amy Leonard,ONLINE,OL 
20460,EWRT 2,54Z,WL,"""Critical Reading, Writing and Thinking""",·······,TBA-TBA,Dave Denny,ONLINE,OL Download Syllabus for EWRT 2 54Z 
21932,EWRT 2,55Z,WL,"""Critical Reading, Writing and Thinking""",·······,TBA-TBA,Sarah Lisha,ONLINE,OL 
23123,EWRT 2,56Z,WL,"""Critical Reading, Writing and Thinking""",·······,TBA-TBA,Sarah Lisha,ONLINE,OL 
22446,EWRT 2,57Z,Open,"""Critical Reading, Writing and Thinking""",·······,TBA-TBA,Luis Limcolioc,ONLINE,$0OL Download Syllabus for EWRT 2 57Z 
24410,EWRT 2,58Z,Open,"""Critical Reading, Writing and Thinking""",·······,TBA-TBA,Luis Limcolioc,ONLINE,$0OL Download Syllabus for EWRT 2 58Z 
24576,EWRT 2,59Z,Open,"""Critical Reading, Writing and Thinking""",·······,TBA-TBA,Yeganeh Modirzadeh,ONLINE,OL Download Syllabus for EWRT 2 59Z 
00930,EWRT 2,60Z,Open,"""Critical Reading, Writing and Thinking""",·······,TBA-TBA,Charles Gray,ONLINE,OL Download Syllabus for EWRT 2 60Z 
24411,EWRT 2,61Z,WL,"""Critical Reading, Writing and Thinking""",·······,TBA-TBA,Husne Jahan,ONLINE,OL Download Syllabus for EWRT 2 61Z 
00916,EWRT 2,62Z,WL,"""Critical Reading, Writing and Thinking""",·······,TBA-TBA,Marc Coronado,ONLINE,OL 
21318,EWRT 2,63Z,Open,"""Critical Reading, Writing and Thinking""",·······,TBA-TBA,Alex Giardino,ONLINE,OL Download Syllabus for EWRT 2 63Z 
00924,EWRT 2,66Z,WL,"""Critical Reading, Writing and Thinking""",·······,TBA-TBA,Amy Leonard,ONLINE,OL 
27874,EWRT 2H,50Z,Open,"""Critical Reading, Writing and Thinking - HONORS""",·······,TBA-TBA,Alex Giardino,ONLINE,OL Download Syllabus for EWRT 2H 50Z 
27875,EWRT 2H,51Z,Open,"""Critical Reading, Writing and Thinking - HONORS""",·······,TBA-TBA,Alex Giardino,ONLINE,OL Download Syllabus for EWRT 2H 51Z 
27876,EWRT 2H,63Z,Open,"""Critical Reading, Writing and Thinking - HONORS""",·······,TBA-TBA,Alex Giardino,ONLINE,OL Download Syllabus for EWRT 2H 63Z 
24412,EWRT 30,51Z,Open,"""Introduction to Creative Writing""",·······,TBA-TBA,Jennifer Penkethman,ONLINE,OL Download Syllabus for EWRT 30 51Z 
01032,F/TV 1,51Z,Open,"""Introduction to Cinematic Arts""",·······,TBA-TBA,Ingrid Schulz,ONLINE,OL Download Syllabus for F/TV 1 51Z 
26328,F/TV 1,52Z,Open,"""Introduction to Cinematic Arts""",·······,TBA-TBA,Ingrid Schulz,ONLINE,OL Download Syllabus for F/TV 1 52Z 
02513,F/TV 2A,50Z,Open,"""History of Cinema (1895-1950)""",·······,TBA-TBA,Christina Wright,ONLINE,OL Download Syllabus for F/TV 2A 50Z 
02513,F/TV 2A,50Z,Open,"""History of Cinema (1895-1950)""",·······,TBA-TBA,Christina Wright,ONLINE,OL Download Syllabus for F/TV 2A 50Z 
01035,F/TV 2B,50Z,WL,"""History of Cinema (1950-Present)""",·······,TBA-TBA,Kristen Anderson,ONLINE,OL Download Syllabus for F/TV 2B 50Z 
26500,F/TV 2B,51Z,WL,"""History of Cinema (1950-Present)""",·······,TBA-TBA,Christina Wright,ONLINE,OL Download Syllabus for F/TV 2B 51Z 
26500,F/TV 2B,51Z,WL,"""History of Cinema (1950-Present)""",·······,TBA-TBA,Christina Wright,ONLINE,OL Download Syllabus for F/TV 2B 51Z 
23584,F/TV 6A,62Z,Open,"""Screenwriting Fundamentals for Film/Video I""",·······,TBA-TBA,Joshua Losben,ONLINE,OL Download Syllabus for F/TV 6A 62Z 
24747,F/TV 10,01Z,Open,"""Introduction to Electronic Media""",·T·····,10:30 AM-02:20 PM,Joel Abramson,ONLINE,OL Download Syllabus for F/TV 10 01Z 
25906,F/TV 27,01Z,Open,"""Nonlinear Editing""",·······,TBA-TBA,Rachel Silveria,ONLINE,OL Download Syllabus for F/TV 27 01Z 
24069,F/TV 71H,01Z,Open,"""Introduction to 3D Computer Animation: Character Motion""",····F··,01:30 PM-04:20 PM,Genevieve Freckelton,AT205,OL Download Syllabus for F/TV 71H 01Z 
26499,F/TV 75G,50Z,WL,"""History of Animation (1900-Present)""",·······,TBA-TBA,Mark Hamer,ONLINE,OL Download Syllabus for F/TV 75G 50Z 
27605,FREN 1,01Z,Open,"""Elementary French (First Quarter)""",M·W····,12:30 PM-02:20 PM,Loubna Hafid,ONLINE,OL 
01076,FREN 1,40Z,WL,"""Elementary French (First Quarter)""",M·W····,06:30 PM-08:45 PM,Loubna Hafid,ONLINE,OL 
23396,GEO 1,50Z,WL,"""Physical Geography""",·······,TBA-TBA,Sohini Dutt,ONLINE,OL 
27661,GEO 4,50Z,Open,"""Cultural Geography""",·······,TBA-TBA,Kerry Rohrmeier,ONLINE,$LOL 
22794,GEO 10,50Z,WL,"""World Regional Geography""",·······,TBA-TBA,Sohini Dutt,ONLINE,OL 
22240,GEO 10,62Z,WL,"""World Regional Geography""",·······,TBA-TBA,Eileen Pena,ONLINE,OL 
24095,GEO 10,65Z,Full,"""World Regional Geography""",·······,TBA-TBA,Eileen Pena,ONLINE,OL 
01092,GEOL 10,50Z,WL,"""Introductory Geology""",·······,TBA-TBA,Chris Dileonardo,ONLINE,OL 
01093,GEOL 10,51Z,WL,"""Introductory Geology""",·······,TBA-TBA,Chris Dileonardo,ONLINE,OL 
27753,GEOL 10,52Z,WL,"""Introductory Geology""",·······,TBA-TBA,Chris Dileonardo,ONLINE,OL 
02626,GEOL 20,60Z,Open,"""General Oceanography""",·······,TBA-TBA,Chris Dileonardo,ONLINE,OL 
20581,GERM 1,40Z,Open,"""Elementary German (First Quarter)""",·T·R···,06:30 PM-08:45 PM,Maike Ahrends,ONLINE,OL 
26324,GERM 1,41Z,Open,"""Elementary German (First Quarter)""",M·W····,06:30 PM-08:45 PM,Maike Ahrends,ONLINE,OL 
25284,HIST 3A,50Z,Open,"""World History from Prehistory to 750 CE""",·······,TBA-TBA,Greg Knittel,ONLINE,OL 
25866,HIST 3A,51Z,WL,"""World History from Prehistory to 750 CE""",·······,TBA-TBA,Raeann Ramsey,ONLINE,OL 
25287,HIST 3B,50Z,Open,"""World History from 750 to 1750 CE""",·······,TBA-TBA,Christopher Jackson,ONLINE,OL Download Syllabus for HIST 3B 50Z 
27745,HIST 3B,51Z,Open,"""World History from 750 to 1750 CE""",·······,TBA-TBA,Rashi Jackman,ONLINE,OL 
27856,HIST 3BH,50Z,Open,"""World History from 750 to 1750 CE - HONORS""",·······,TBA-TBA,Christopher Jackson,ONLINE,OL 
25868,HIST 3C,50Z,Open,"""World History from 1750 CE to the Present""",·······,TBA-TBA,Christopher Jackson,ONLINE,OL Download Syllabus for HIST 3C 50Z 
27746,HIST 3C,51Z,Open,"""World History from 1750 CE to the Present""",·······,TBA-TBA,George Edgar,ONLINE,OL 
27857,HIST 3CH,50Z,Open,"""World History from 1750 CE to the Present - HONORS""",·······,TBA-TBA,Christopher Jackson,ONLINE,OL 
24096,HIST 6A,50Z,Open,"""History of Western Civilization: Pre-History to 750 C.E.""",·······,TBA-TBA,Ben Kline,ONLINE,OL 
27747,HIST 6C,50Z,Open,"""History of Western Civilization: 1750 C.E. to Present""",·······,TBA-TBA,Ben Kline,ONLINE,OL 
27060,HIST 9,01Z,Open,"""Women in American History""",M·W····,01:30 PM-03:20 PM,Anne Hickling,ONLINE,OL 
24322,HIST 17A,51Z,Open,"""History of the United States to Early National Era""",·······,TBA-TBA,Carol Cini,ONLINE,OL 
01132,HIST 17A,53Z,Open,"""History of the United States to Early National Era""",·······,TBA-TBA,Greg Knittel,ONLINE,OL 
24768,HIST 17A,62Z,Open,"""History of the United States to Early National Era""",·······,TBA-TBA,Carol Cini,ONLINE,OL 
23409,HIST 17B,52Z,Open,"""History of the United States from 1800 to 1900""",·······,TBA-TBA,Hai Nguyen,ONLINE,OL 
26838,HIST 17B,53Z,Open,"""History of the United States from 1800 to 1900""",·······,TBA-TBA,Greg Knittel,ONLINE,OL 
27750,HIST 17B,54Z,Open,"""History of the United States from 1800 to 1900""",·······,TBA-TBA,Christopher Jackson,ONLINE,OL Download Syllabus for HIST 17B 54Z 
27892,HIST 17BH,54Z,Open,"""History of the United States from 1800 to 1900 - HONORS""",·······,TBA-TBA,Christopher Jackson,ONLINE,OL 
24770,HIST 17C,50Z,Open,"""History of the United States from 1900 to the Present""",·······,TBA-TBA,Christopher Jackson,ONLINE,OL Download Syllabus for HIST 17C 50Z 
25279,HIST 17C,52Z,Open,"""History of the United States from 1900 to the Present""",·······,TBA-TBA,David Howard-Pitney,ONLINE,OL Download Syllabus for HIST 17C 52Z 
24886,HIST 17C,55Z,Open,"""History of the United States from 1900 to the Present""",·······,TBA-TBA,Carol Cini,ONLINE,OL 
25276,HIST 17C,58Z,Open,"""History of the United States from 1900 to the Present""",·······,TBA-TBA,Raeann Ramsey,ONLINE,OL 
24098,HIST 17C,59Z,Open,"""History of the United States from 1900 to the Present""",·······,TBA-TBA,Hai Nguyen,ONLINE,OL 
26421,HIST 18A,60Z,WL,"""African American History to 1865""",·······,TBA-TBA,Julie Keiffer-Lewis,ONLINE,OL 
27844,HLTH 21,01Z,Open,"""Contemporary Health Concerns""",··W····,01:35 PM-03:00 PM,Alison Campbell,ONLINE,OL 
26055,HLTH 21,01GZ,Open,"""Contemporary Health Concerns""",··W····,01:35 PM-03:00 PM,Alison Campbell,ONLINE,OL 
26792,HLTH 21,51Z,WL,"""Contemporary Health Concerns""",·······,TBA-TBA,Barbara Liechty,ONLINE,$0OLLQ 
26795,HLTH 21,52Z,Open,"""Contemporary Health Concerns""",·······,TBA-TBA,Barbara Liechty,ONLINE,$0OL 
27786,HLTH 21,53Z,WL,"""Contemporary Health Concerns""",·······,TBA-TBA,Barbara Liechty,ONLINE,$0OLLQ 
01160,HNDI 1,40Z,WL,"""Elementary Hindi (First Quarter)""",·T·R···,06:00 PM-08:15 PM,Nilu Gupta,ONLINE,OL 
23700,HTEC 50,01Z,Open,"""Introduction to Health Technologies""",····F··,10:30 AM-12:20 PM,Sumedha Sherlekar,ONLINE,OL Download Syllabus for HTEC 50 01Z 
01165,HTEC 60A,01Z,Open,"""Basic Medical Terminology""",·······,TBA-TBA,Maureen Miramontes,ONLINE,OL 
01167,HTEC 60A,02Z,Open,"""Basic Medical Terminology""",·······,TBA-TBA,Sumedha Sherlekar,ONLINE,OL Download Syllabus for HTEC 60A 02Z 
27863,HTEC 60G,01Z,Open,"""Advanced Medical Terminology I""",·T·····,09:30 AM-11:20 AM,Susan Schmitz,ONLINE,OL Download Syllabus for HTEC 60G 01Z 
25362,HTEC 61,01Z,Open,"""Medical Communications""",·T·····,05:30 PM-06:20 PM,Roy Shurtliff,ONLINE,OL 
24836,HTEC 72,61Z,Open,"""Medical Office Financial Procedures""",··W····,06:00 PM-06:50 PM,Sunita Rangwala,ONLINE,OL 
23705,HTEC 73,01Z,Open,"""Medical Law and Ethics""",···R···,05:30 PM-08:20 PM,Roy Shurtliff,ONLINE,OL 
25365,HTEC 74A,01Z,Open,"""Medical Transcription with Editing I""",·······,TBA-TBA,Roy Shurtliff,ONLINE,OL 
26800,HTEC 75,01Z,Open,"""Electronic Health Records""",M······,06:00 PM-06:50 PM,Marjorie Guanzon,ONLINE,OL 
01179,HTEC 80A,01Z,Open,"""Clinical Hematology Lecture""",M······,05:30 PM-09:45 PM,Thuy Pinheiro,ONLINE,OL 
26831,HTEC 82A,62Z,Open,"""Clinical Coagulation Lecture""",·T·····,05:00 PM-06:15 PM,Eric Moon,ONLINE,OL 
26125,HTEC 101C,61Z,Open,"""Skill Building in Medical Communications""",··W····,05:30 PM-08:20 PM,Roy Shurtliff,ONLINE,OL 
01191,HTEC 101D,02Z,Open,"""Skill Building in Medical Office Financial Procedures""",·T·····,06:00 PM-08:50 PM,Marjorie Guanzon,ONLINE,OL 
26128,HTEC 101H,01Z,Open,"""Skill Building in Medical Transcription and Editing I""",·······,TBA-TBA,Roy Shurtliff,ONLINE,OL 
27783,HTEC 110,50Z,Open,"""Health Technologies Employment Preparation""",·······,TBA-TBA,Maureen Miramontes,ONLINE,OL 
24520,HUMA 10,01Z,WL,"""Human Sexuality""",·······,TBA-TBA,Pauline Wethington,ONLINE,OL 
24960,HUMA 10,04Z,Open,"""Human Sexuality""",··W····,09:30 AM-10:20 AM,Kevin Glapion,ONLINE,OL 
24696,HUMA 10,65Z,Open,"""Human Sexuality""",·······,TBA-TBA,Herminio Hernando,ONLINE,OL 
26517,HUMA 20,01Z,Open,"""Life Skills for Higher Education""",····F··,09:00 AM-10:50 AM,Melinda Hughes,ONLINE,OL 
27443,HUMA 20,02Z,Open,"""Life Skills for Higher Education""",·······,TBA-TBA,"JOPLIN-LIGHTFOOTE, NATASHA",ONLINE,OL 
25223,HUMA 30,01Z,WL,"""Understanding and Managing Stress""",·T·····,10:30 AM-11:20 AM,Shireen Woo,ONLINE,OL 
25216,HUMA 30,62Z,Open,"""Understanding and Managing Stress""",·······,TBA-TBA,KD Huynh,ONLINE,OL 
01216,HUMI 1,50Z,WL,"""Creative Minds""",·······,TBA-TBA,Lori Clinchard,ONLINE,OL 
01221,HUMI 1,51Z,WL,"""Creative Minds""",·······,TBA-TBA,Barbara Hoffman,ONLINE,OL 
22801,HUMI 1,52Z,WL,"""Creative Minds""",·······,TBA-TBA,Alysia Rueda,ONLINE,OL 
27716,HUMI 1,53Z,WL,"""Creative Minds""",·······,TBA-TBA,Raeann Ramsey,ONLINE,OL 
23163,HUMI 1,54Z,WL,"""Creative Minds""",·······,TBA-TBA,Apryl Berney,ONLINE,OL 
22238,HUMI 1,55Z,WL,"""Creative Minds""",·······,TBA-TBA,Lori Clinchard,ONLINE,OL 
26386,HUMI 1,56Z,WL,"""Creative Minds""",·······,TBA-TBA,Elvin Ramos,ONLINE,OL 
24524,HUMI 1,57Z,WL,"""Creative Minds""",·······,TBA-TBA,Alysia Rueda,ONLINE,OL 
27311,HUMI 1,58Z,WL,"""Creative Minds""",·······,TBA-TBA,"ACIDO, JEFFREY",ONLINE,OL 
27969,HUMI 1H,50Z,Open,"""Creative Minds - HONORS""",·······,TBA-TBA,Lori Clinchard,ONLINE,OL 
27970,HUMI 1H,55Z,Open,"""Creative Minds - HONORS""",·······,TBA-TBA,Lori Clinchard,ONLINE,OL 
27717,HUMI 5,50Z,WL,"""Storytelling in American Culture""",·······,TBA-TBA,Wendy White,ONLINE,OLLQ Download Syllabus for HUMI 5 50Z 
25221,HUMI 6,50Z,WL,"""Popular Culture""",·······,TBA-TBA,Raeann Ramsey,ONLINE,OL 
20283,HUMI 6,51Z,WL,"""Popular Culture""",·······,TBA-TBA,Apryl Berney,ONLINE,OL 
01225,HUMI 7,50Z,Open,"""The Arts and the Human Spirit""",·······,TBA-TBA,Rashi Jackman,ONLINE,OL 
25875,HUMI 9,50Z,Open,"""Introduction to Comparative Religion""",·······,TBA-TBA,Javier Galindo,ONLINE,OL 
25798,HUMI 13,61Z,Open,"""Introduction to Korean Popular Culture""",·······,TBA-TBA,Young Jung,ONLINE,OL 
27718,HUMI 15,50Z,Open,"""Discussion on the Arts""",·······,TBA-TBA,Barbara Hoffman,ONLINE,OL 
27006,HUMI 16,01Z,Open,"""Arts, Ideas and Values""",M······,09:30 AM-10:20 AM,Barbara Hoffman,ONLINE,OL 
01239,HUMI 16,50Z,WL,"""Arts, Ideas and Values""",·······,TBA-TBA,Leslie Berry,ONLINE,OL 
23164,HUMI 16,51Z,WL,"""Arts, Ideas and Values""",·······,TBA-TBA,Leslie Berry,ONLINE,OL 
25878,HUMI 20,50Z,Open,"""The Greek Achievement""",·······,TBA-TBA,Rashi Jackman,ONLINE,OL 
26486,ICS 25,50Z,Open,"""Grassroots Democracy: Race, Politics and the American Promise""",·······,TBA-TBA,Laura Chin,ONLINE,OL 
27057,ICS 27,01EZ,WL,"""Grassroots Democracy: Leadership and Power""",·T·R···,06:00 PM-07:50 PM,Cynthia Kaufman,ONLINE,OL 
27720,INTL 8,50Z,Open,"""Sociology of Globalization and Social Change""",·······,TBA-TBA,Kamau Birago,ONLINE,OL 
27623,INTL 22,60Z,WL,"""History of Art: Arts of Africa, Oceania and Native North America""",·······,TBA-TBA,Catie Cadge-Moore,ONLINE,OL 
26321,ITAL 1,02Z,Open,"""Elementary Italian (First Quarter)""",M·W····,06:00 PM-07:50 PM,Diana Ferrara,ONLINE,OL 
01313,JAPN 1,40Z,WL,"""Elementary Japanese (First Quarter)""",M·W····,04:00 PM-06:15 PM,Yumi Mccormick,ONLINE,OL 
01324,JOUR 2,52Z,WL,"""Media and Its Impact On Society""",·······,TBA-TBA,Gail McElroy,ONLINE,OL Download Syllabus for JOUR 2 52Z 
01324,JOUR 2,52Z,WL,"""Media and Its Impact On Society""",·······,TBA-TBA,Gail McElroy,ONLINE,OL Download Syllabus for JOUR 2 52Z 
25567,JOUR 2,53Z,WL,"""Media and Its Impact On Society""",·······,TBA-TBA,Gail McElroy,ONLINE,OL Download Syllabus for JOUR 2 53Z 
25567,JOUR 2,53Z,WL,"""Media and Its Impact On Society""",·······,TBA-TBA,Gail McElroy,ONLINE,OL Download Syllabus for JOUR 2 53Z 
21821,JOUR 62A,62Z,Open,"""Freelance Reporting for Student Media""",·······,TBA-TBA,Farideh Dada,ONLINE,$0OL Download Syllabus for JOUR 62A 62Z 
21822,JOUR 62B,62Z,Open,"""Freelance Photography for Student Media""",·······,TBA-TBA,Farideh Dada,ONLINE,$0OL Download Syllabus for JOUR 62B 62Z 
21823,JOUR 62C,62Z,Open,"""Freelance Video Production for Student Media""",·······,TBA-TBA,Farideh Dada,ONLINE,$0OL Download Syllabus for JOUR 62C 62Z 
21824,JOUR 62D,62Z,Open,"""Freelance Digital Production for Student Media""",·······,TBA-TBA,Farideh Dada,ONLINE,$0OL Download Syllabus for JOUR 62D 62Z 
21825,JOUR 62E,62Z,Open,"""Freelance Graphic Production for Student Media""",·······,TBA-TBA,Farideh Dada,ONLINE,$0OL Download Syllabus for JOUR 62E 62Z 
26851,JOUR 62F,62Z,Open,"""Freelance Copy Editing for Student Media""",·······,TBA-TBA,Farideh Dada,ONLINE,$0OL Download Syllabus for JOUR 62F 62Z 
26594,KNES 6AX,51Z,WL,"""Aerobic Power Walking""",·······,TBA-TBA,Rachel Catuiza,ONLINE,OLLQ 
27136,KNES 6AX,52Z,WL,"""Aerobic Power Walking""",·······,TBA-TBA,Jason Damjanovic,ONLINE,OL 
27141,KNES 11AX,50Z,WL,"""Cardio Kick""",·······,TBA-TBA,Rachel Catuiza,ONLINE,OLLQ 
23416,KNES 15CX,02Z,Open,"""Total Fitness""",·······,TBA-TBA,Rachel Catuiza,ONLINE,OL 
27140,KNES 15CX,50Z,WL,"""Total Fitness""",·······,TBA-TBA,Rachel Catuiza,ONLINE,OLLQ 
27137,KNES 15CX,53Z,WL,"""Total Fitness""",·······,TBA-TBA,Jason Damjanovic,ONLINE,OL 
23479,KNES 15EX,03Z,WL,"""Cardiovascular and Strength Training""",·······,TBA-TBA,Rachel Catuiza,ONLINE,OL 
27138,KNES 15EX,50Z,WL,"""Cardiovascular and Strength Training""",·······,TBA-TBA,Jason Damjanovic,ONLINE,OL 
27142,KNES 15EX,51Z,WL,"""Cardiovascular and Strength Training""",·······,TBA-TBA,Rachel Catuiza,ONLINE,OLLQ 
26593,KNES 19EX,50Z,WL,"""Body Sculpting""",·······,TBA-TBA,Rachel Catuiza,ONLINE,OL 
26595,KNES 19EX,51Z,WL,"""Body Sculpting""",·······,TBA-TBA,Rachel Catuiza,ONLINE,OLLQ 
26592,KNES 19GX,50Z,WL,"""Core Conditioning""",·······,TBA-TBA,Danielle Altman,ONLINE,OL 
26596,KNES 19GX,51Z,WL,"""Core Conditioning""",·······,TBA-TBA,Rachel Catuiza,ONLINE,OLLQ 
28019,KNES 19GX,52Z,WL,"""Core Conditioning""",·······,TBA-TBA,Danielle Altman,ONLINE,OLLQ 
27088,KNES 22AX,50Z,Open,"""Hatha Yoga""",·······,TBA-TBA,Danielle Altman,ONLINE,OL 
27978,KNES 22AX,51Z,WL,"""Hatha Yoga""",·······,TBA-TBA,Danielle Altman,ONLINE,OLLQ 
27979,KNES 22DX,50Z,WL,"""Flow Yoga""",·······,TBA-TBA,Danielle Altman,ONLINE,OLLQ 
27792,KNES 22DX,52Z,Open,"""Flow Yoga""",·······,TBA-TBA,Danielle Altman,ONLINE,OL 
23459,KNES 25AX,02Z,WL,"""Stretching""",·······,TBA-TBA,Jason Damjanovic,ONLINE,OL 
26597,KNES 25AX,50Z,Full,"""Stretching""",·······,TBA-TBA,Rachel Catuiza,ONLINE,OLLQ 
24083,KNES 25BX,02Z,WL,"""Active Isolated Stretching""",·······,TBA-TBA,Jason Damjanovic,ONLINE,OL 
26598,KNES 25BX,50Z,WL,"""Active Isolated Stretching""",·······,TBA-TBA,Rachel Catuiza,ONLINE,OLLQ 
27799,KNES 26AX,50Z,WL,"""Basic Pilates Mat Exercise""",·······,TBA-TBA,Danielle Altman,ONLINE,OL 
28020,KNES 26AX,51Z,WL,"""Basic Pilates Mat Exercise""",·······,TBA-TBA,Danielle Altman,ONLINE,OLLQ 
27085,KNES 26BX,50Z,Open,"""Integrated Pilates Mat Exercise""",·······,TBA-TBA,Danielle Altman,ONLINE,OL 
28021,KNES 26BX,51Z,Open,"""Integrated Pilates Mat Exercise""",·······,TBA-TBA,Danielle Altman,ONLINE,OLLQ 
23522,KNES 39AX,01Z,Open,"""Volleyball Level 1""",·······,TBA-TBA,Dawnis Guevara,ONLINE,OL 
24674,KNES 39BX,01Z,Open,"""Volleyball Level 2""",·······,TBA-TBA,Dawnis Guevara,ONLINE,OL 
23986,KNES 45,62Z,WL,"""Introduction to Kinesiology""",·······,TBA-TBA,Cheryl Owiesny,ONLINE,OL 
25352,KNES 45,66Z,WL,"""Introduction to Kinesiology""",·······,TBA-TBA,Cheryl Owiesny,ONLINE,OLLQ 
26811,KNES 47,63Z,WL,"""Introduction to Women in Sports""",·······,TBA-TBA,Dawnis Guevara,ONLINE,OL 
25874,KNES 48,50Z,WL,"""Introduction to Coaching""",·······,TBA-TBA,Jason Damjanovic,ONLINE,OLLQ 
27307,KNES 48,51Z,Open,"""Introduction to Coaching""",·······,TBA-TBA,Joe D'Agostino,ONLINE,OL 
25839,KNES 50A,63Z,WL,"""Orientation to Lifetime Fitness""",·······,TBA-TBA,Jason Damjanovic,ONLINE,OLLQ 
22480,KORE 1,40Z,Open,"""Elementary Korean (First Quarter)""",·T·R···,06:30 PM-08:45 PM,Soo Choi,ONLINE,OL 
02699,KORE 1,41Z,Open,"""Elementary Korean (First Quarter)""",M·W····,04:00 PM-06:15 PM,Soo Choi,ONLINE,OL 
26995,KORE 2,40Z,Open,"""Elementary Korean (Second Quarter)""",M·W····,06:30 PM-08:45 PM,Young Sook Kim,ONLINE,OL 
20993,LIB 1,62Z,Open,"""Library Research Skills""",·······,TBA-TBA,Alex Swanner,ONLINE,OL 
22532,LIB 1,65Z,WL,"""Library Research Skills""",·······,TBA-TBA,Alex Swanner,ONLINE,OLLQ 
20997,LIB 53,62Z,Open,"""Advanced Internet Searching""",·······,TBA-TBA,Alex Swanner,ONLINE,OL 
01359,LING 1,50Z,Open,"""Introduction to Linguistics""",·······,TBA-TBA,Jasmina Topalovic,ONLINE,OL Download Syllabus for LING 1 50Z 
27723,LRNA 96,01Z,Open,"""Introduction to Individual and Group Peer Tutoring""",····F··,10:30 AM-12:20 PM,Diana Alves de Lima,ONLINE,OLLQ 
02744,LRNA 97,01Z,Open,"""Introduction to Peer Tutoring in Writing and Reading""",···R···,04:00 PM-05:50 PM,Diana Alves de Lima,ONLINE,OL 
27724,LRNA 98,01Z,Open,"""Tutor Training for Math/Science Tutors""",····F··,01:30 PM-03:40 PM,Diana Alves de Lima,ONLINE,OLLQ 
24835,LS 207,01Z,Open,"""Introductory Writing and Grammar Skills""",M·W····,11:30 AM-01:20 PM,Cathy Patel,ONLINE,OL 
26663,MAND 1,01Z,Open,"""Elementary Mandarin (First Quarter)""",MTWR···,01:00 PM-01:50 PM,Hua-Fu Liu,ONLINE,OL 
01458,MAND 1,41Z,WL,"""Elementary Mandarin (First Quarter)""",M·W····,06:30 PM-08:45 PM,Hua-Fu Liu,ONLINE,OL 
27607,MAND 3,01Z,Open,"""Elementary Mandarin (Third Quarter)""",·T·····,06:30 PM-08:45 PM,April Phung,ONLINE,OL 
20547,MAND 4,40Z,WL,"""Intermediate Mandarin (First Quarter)""",·T·R···,06:30 PM-08:45 PM,Hua-Fu Liu,ONLINE,OL 
26417,MAND 51,01Z,WL,"""Introduction to Translation and Interpreting""",··W····,06:30 PM-08:45 PM,Yang Shao,ONLINE,OL 
26983,MAND 53,01Z,Open,"""Mandarin/English Linguistics Analysis""",·T·····,06:30 PM-08:45 PM,Diana Li,ONLINE,OL 
27469,MATH 1A,01Z,Open,"""Calculus""",MTWR···,08:30 AM-09:20 AM,Victor Legge,ONLINE,OL 
27476,MATH 1A,15Z,Open,"""Calculus""",MTWR···,11:30 AM-12:20 PM,Victor Legge,ONLINE,OL 
27482,MATH 1A,29Z,WL,"""Calculus""",M·W····,04:00 PM-06:15 PM,Charles De Vogelaere,ONLINE,OL 
27484,MATH 1A,33Z,Open,"""Calculus""",M·W····,06:30 PM-08:45 PM,Millia Ison,ONLINE,OL 
27486,MATH 1A,61Z,Open,"""Calculus""",·······,TBA-TBA,Nahrin Rashid,ONLINE,OL 
27487,MATH 1A,62Z,Open,"""Calculus""",·······,TBA-TBA,Millia Ison,ONLINE,OL 
27488,MATH 1A,63Z,WL,"""Calculus""",·······,TBA-TBA,John Jimenez,ONLINE,OL 
27497,MATH 1B,15Z,Open,"""Calculus""",M·W····,04:00 PM-06:15 PM,Millia Ison,ONLINE,OL 
27499,MATH 1B,19Z,Open,"""Calculus""",M·W····,06:30 PM-08:45 PM,Salvador Guerrero,ONLINE,OL 
27501,MATH 1B,61Z,Open,"""Calculus""",·······,TBA-TBA,Loraine Moen,ONLINE,OL 
28012,MATH 1BH,19Z,Open,"""Calculus - HONORS""",M·W····,06:30 PM-08:45 PM,Salvador Guerrero,ONLINE,OL 
27507,MATH 1C,15Z,Open,"""Calculus""",·T·R···,04:00 PM-06:15 PM,Misako Van Der Poel,ONLINE,OL 
27508,MATH 1C,17Z,WL,"""Calculus""",·T·R···,06:30 PM-08:45 PM,Ducq Nguyen,ONLINE,OL 
27946,MATH 1C,51Z,Open,"""Calculus""",·······,TBA-TBA,Bijan Sadeghi-Hassanvand,ONLINE,OL 
27513,MATH 1D,21Z,WL,"""Calculus""",·T·R···,04:00 PM-06:15 PM,Paul Du,ONLINE,OL 
27514,MATH 1D,23Z,WL,"""Calculus""",·T·R···,06:30 PM-08:45 PM,Paul Du,ONLINE,OL 
27947,MATH 1D,51Z,WL,"""Calculus""",·······,TBA-TBA,Ducq Nguyen,ONLINE,OL 
27516,MATH 2A,13Z,Open,"""Differential Equations""",·T·R···,04:00 PM-06:15 PM,Hassan Bourgoub,ONLINE,OL 
27518,MATH 2B,13Z,Open,"""Linear Algebra""",M·W····,04:00 PM-06:15 PM,Misako Van Der Poel,ONLINE,OL 
27540,MATH 10,30Z,Open,"""Introductory Statistics""",M·W····,04:00 PM-06:15 PM,Renuka Kapur,ONLINE,OL 
27542,MATH 10,32Z,Open,"""Introductory Statistics""",M·W····,06:30 PM-08:45 PM,Usha Ganeshalingam,ONLINE,OL 
27536,MATH 10,35Z,Open,"""Introductory Statistics""",M·W····,01:30 PM-03:45 PM,Leah Lane,ONLINE,OL 
27537,MATH 10,37Z,Open,"""Introductory Statistics""",·T·R···,01:30 PM-03:45 PM,Nahrin Rashid,ONLINE,OL 
27543,MATH 10,40Z,Open,"""Introductory Statistics""",M·W····,06:30 PM-08:45 PM,Charles De Vogelaere,ONLINE,OL 
27545,MATH 10,42Z,Open,"""Introductory Statistics""",·T·R···,06:30 PM-08:45 PM,Teck Ky,ONLINE,OL 
27546,MATH 10,43Z,Open,"""Introductory Statistics""",·T·R···,06:30 PM-08:45 PM,Parviz Sales,ONLINE,OL 
27547,MATH 10,44Z,Open,"""Introductory Statistics""",·T·R···,06:30 PM-08:45 PM,"HINGTGEN, ROBERT",ONLINE,OL 
27544,MATH 10,45Z,Open,"""Introductory Statistics""",M·W····,06:30 PM-08:45 PM,Misako Van Der Poel,ONLINE,OL 
27541,MATH 10,60Z,WL,"""Introductory Statistics""",·······,TBA-TBA,Loraine Moen,ONLINE,OL 
27548,MATH 10,61Z,Open,"""Introductory Statistics""",·······,TBA-TBA,Loraine Moen,ONLINE,OL 
27549,MATH 10,62Z,Open,"""Introductory Statistics""",·······,TBA-TBA,Richard Lopez,ONLINE,OL 
27550,MATH 10,63Z,Open,"""Introductory Statistics""",·······,TBA-TBA,Danny Tran,ONLINE,OL 
27551,MATH 10,64Z,Open,"""Introductory Statistics""",·······,TBA-TBA,Richard Lopez,ONLINE,OL 
27553,MATH 10,66Z,Open,"""Introductory Statistics""",·······,TBA-TBA,Fatemeh Yarahmadi,ONLINE,OL 
27554,MATH 10,67Z,Open,"""Introductory Statistics""",·······,TBA-TBA,Leah Lane,ONLINE,OL 
27555,MATH 10,68Z,Open,"""Introductory Statistics""",·······,TBA-TBA,Danny Tran,ONLINE,OL 
27556,MATH 10,69Z,WL,"""Introductory Statistics""",·······,TBA-TBA,Usha Ganeshalingam,ONLINE,OL 
27557,MATH 10,70Z,WL,"""Introductory Statistics""",·······,TBA-TBA,Usha Ganeshalingam,ONLINE,OL 
27560,MATH 11,25Z,WL,"""Finite Mathematics""",·T·R···,04:00 PM-06:15 PM,Lilit Mazmanyan,ONLINE,OL 
27561,MATH 11,60Z,Open,"""Finite Mathematics""",·······,TBA-TBA,Kejian Shi,ONLINE,OL 
27563,MATH 12,61Z,Open,"""Introductory Calculus for Business and Social Science""",·······,TBA-TBA,Kejian Shi,ONLINE,OL 
27565,MATH 22,25Z,Open,"""Discrete Mathematics""",·T·R···,06:30 PM-08:45 PM,Reza Shariatmadari,ONLINE,OL 
27948,MATH 22,51Z,WL,"""Discrete Mathematics""",·······,TBA-TBA,Lilit Mazmanyan,ONLINE,OL 
27578,MATH 31,27Z,Open,"""Precalculus I""",M·W····,04:00 PM-06:15 PM,Hemendra Shah,ONLINE,OL 
27580,MATH 31,31Z,Open,"""Precalculus I""",·T·R···,04:00 PM-06:15 PM,Hemendra Shah,ONLINE,OL 
27581,MATH 31,33Z,WL,"""Precalculus I""",·T·R···,06:30 PM-08:45 PM,Lilit Mazmanyan,ONLINE,OL 
27582,MATH 31,35Z,Open,"""Precalculus I""",M·W····,06:30 PM-08:45 PM,George Krestas,ONLINE,OL 
27591,MATH 32,35Z,Open,"""Precalculus II""",M·W····,06:30 PM-08:45 PM,Richard Lopez,ONLINE,OL 
27592,MATH 44,13Z,Open,"""Mathematics in Art, Culture, and Society: A Liberal Arts Math Class""",·T·R···,04:00 PM-06:15 PM,William Wilson,ONLINE,OL 
27593,MATH 44,15Z,Open,"""Mathematics in Art, Culture, and Society: A Liberal Arts Math Class""",M·W····,04:00 PM-06:15 PM,Maryam Arvizu,ONLINE,OL 
27594,MATH 46,13Z,Open,"""Mathematics for Elementary Education""",·T·R···,04:00 PM-06:15 PM,Reza Shariatmadari,ONLINE,OL 
21569,MET 10,50Z,Open,"""Weather and Climate Processes""",·······,TBA-TBA,Bridget James,ONLINE,OL 
24621,MET 10,65Z,Open,"""Weather and Climate Processes""",·······,TBA-TBA,Bridget James,ONLINE,OL 
25429,MET 10L,62Z,Open,"""Meteorology Laboratory""",·······,TBA-TBA,Alicia Mullens,ONLINE,OL 
27589,MET 20L,62Z,Open,"""Climate Change Laboratory""",·······,TBA-TBA,Alicia Mullens,ONLINE,OL 
01658,MUSI 1A,62Z,Open,"""Music Appreciation: Music in Western Cultures""",·······,TBA-TBA,Benett Zussman,ONLINE,OL Download Syllabus for MUSI 1A 62Z 
27700,MUSI 1C,01Z,Open,"""Music Appreciation: World Music in America""",·······,TBA-TBA,Benett Zussman,ONLINE,OL Download Syllabus for MUSI 1C 01Z 
26403,NAIS 12,60Z,Open,"""Ethnic Studies and the Historical Experiences of Native Americans""",·······,TBA-TBA,Meghan Kensler,ONLINE,OL 
24880,NURS 50,01Z,Open,"""Career Opportunities in Nursing""",····F··,03:30 PM-05:20 PM,Silvinita Rowe,ONLINE,OL 
25578,NURS 50,03Z,Open,"""Career Opportunities in Nursing""",····F··,07:30 AM-09:20 AM,Silvinita Rowe,ONLINE,OL 
27860,NURS 91P,02Z,Open,"""Pharmacology I""",·T·····,05:00 PM-06:15 PM,"AHMED, NICKHAT",ONLINE,OL 
27840,NURS 92P,01Z,Open,"""Pharmacology II""",··W····,05:00 PM-06:15 PM,"TRAN, SHARON",ONLINE,OL 
27852,NURS 93,03Z,Open,"""Reproductive Health Nursing""",···R···,05:30 PM-09:20 PM,Olga Libova,ONLINE,OL 
27853,NURS 93,04Z,Open,"""Reproductive Health Nursing""",···R···,05:30 PM-09:20 PM,Olga Libova,ONLINE,OLLQ 
26073,NURS 93A,01Z,Open,"""Pediatric Nursing""",··W····,08:30 AM-12:20 PM,Rana Marinas,ONLINE,OL 
26074,NURS 93A,02Z,Open,"""Pediatric Nursing""",··W····,08:30 AM-12:20 PM,Rana Marinas,ONLINE,OLLQ 
27343,NURS 94,03Z,Open,"""Gerontology Nursing""",·····S·,09:00 AM-01:30 PM,"AHMED, NICKHAT",ONLINE,OL 
27344,NURS 94,04Z,Open,"""Gerontology Nursing""",·····S·,09:00 AM-02:50 PM,"AHMED, NICKHAT",ONLINE,OLLQ 
26106,NURS 94A,01Z,Open,"""Psychiatric/Mental Health Nursing""",··W····,06:00 PM-10:00 PM,"SHERMAN, MELISSA",ONLINE,OLLQ 
26105,NURS 94A,02Z,Open,"""Psychiatric/Mental Health Nursing""",··W····,06:00 PM-10:00 PM,"SHERMAN, MELISSA",ONLINE,OL 
27890,NURS 95,02Z,Open,"""Complex Health Challenges""",···R···,12:00 PM-03:50 PM,"KHALIL, KHOLOUD",ONLINE,OL 
26806,NURS 96,01Z,Open,"""Leadership and Management in Nursing""",M······,03:30 PM-05:20 PM,Sandra Jung,ONLINE,OL 
26807,NURS 96A,01Z,Open,"""Nursing Concept Integration""",M······,11:30 AM-01:20 PM,Sandra Jung,ONLINE,OL 
27156,NUTR 10,01Z,Open,"""Contemporary Nutrition""",·······,TBA-TBA,Alison Campbell,ONLINE,OL 
27150,NUTR 10,03Z,Open,"""Contemporary Nutrition""",M······,09:30 AM-11:20 AM,Georgia Acker,ONLINE,OL 
27151,NUTR 10,04Z,Open,"""Contemporary Nutrition""",·······,TBA-TBA,Alison Campbell,ONLINE,OL 
27152,NUTR 10,05Z,Open,"""Contemporary Nutrition""",M······,11:30 AM-01:20 PM,Georgia Acker,ONLINE,OL 
27784,NUTR 10,06Z,WL,"""Contemporary Nutrition""",·······,TBA-TBA,Alison Campbell,ONLINE,OLLQ 
27154,NUTR 10,07Z,Open,"""Contemporary Nutrition""",M······,03:30 PM-05:20 PM,Georgia Acker,ONLINE,OL 
27850,NUTR 10,50Z,WL,"""Contemporary Nutrition""",·······,TBA-TBA,Anna Miller,ONLINE,OLLQ Download Syllabus for NUTR 10 50Z 
27851,NUTR 62G,50Z,WL,"""Dieting (Sifting Fact from Fiction)""",·······,TBA-TBA,Anna Miller,ONLINE,OLLQ Download Syllabus for NUTR 62G 50Z 
27743,PARA 3,50Z,Open,"""Concepts of Criminal Law (CP 2)""",·······,TBA-TBA,James Suits,ONLINE,OL 
27737,PARA 11,01Z,Open,"""Federal Courts and Constitutional Law""",··W····,06:00 PM-07:50 PM,Kevin Lee,ONLINE,OL 
27740,PARA 54,50Z,Open,"""Youth and the Law""",·······,TBA-TBA,DuJuan Green,ONLINE,OL 
27919,PARA 67,02Z,Open,"""Law Office Management for Paralegals""",·T·R···,12:30 PM-01:20 PM,Yvonne Mills,ONLINE,OL 
26439,PARA 75,01Z,WL,"""Principles and Procedures of the Justice System""",M······,06:00 PM-07:50 PM,Griffin Bonini,ONLINE,OL 
26858,PARA 87,01Z,Open,"""Personal Injury and Tort Litigation""",·T·····,06:00 PM-07:50 PM,Daniel Blanchette,ONLINE,OL 
27920,PARA 88,02Z,WL,"""The Paralegal and Professional Responsibility""",·T·R···,12:30 PM-01:20 PM,Yvonne Mills,ONLINE,OLLQ 
22771,PARA 94,01Z,WL,"""Introduction to California Law""",···R···,06:00 PM-07:50 PM,"BERNARDO, SHERYL",ONLINE,OL 
26992,PARA 95,01Z,WL,"""Overview of American Law""",··W····,06:00 PM-07:50 PM,"BERNARDO, SHERYL",ONLINE,OL 
27847,PARA 96A,01Z,WL,"""Introduction to Legal Research and Writing""",M······,06:00 PM-07:50 PM,"BERNARDO, SHERYL",ONLINE,OL 
27826,PARA 98,01Z,Open,"""Drafting Wills and Trusts""",··W····,06:00 PM-07:50 PM,Terry Ellis,ONLINE,OL 
27791,PE 32P,50Z,Open,"""Techniques of Swimming""",·······,TBA-TBA,Danielle Altman,ONLINE,OL 
28023,PE 32P,51Z,Open,"""Techniques of Swimming""",·······,TBA-TBA,Danielle Altman,ONLINE,OLLQ 
26817,PEA 1X,02Z,Full,"""Adapted Total Fitness""",·T·R···,04:30 PM-05:45 PM,"BENNETT, MARY",ONLINE,OL 
01998,PEA 1X,04Z,WL,"""Adapted Total Fitness""",·T·R···,08:30 AM-09:45 AM,"REGEHR, CASEY",ONLINE,OL 
23167,PHIL 1,50Z,WL,"""Introduction to Philosophy""",·······,TBA-TBA,Richard Hammerud,ONLINE,OL 
24114,PHIL 1,51Z,WL,"""Introduction to Philosophy""",·······,TBA-TBA,Nick Baiamonte,ONLINE,OL 
25802,PHIL 1,52Z,Open,"""Introduction to Philosophy""",·······,TBA-TBA,Richard Hammerud,ONLINE,OL 
27727,PHIL 1,53Z,Open,"""Introduction to Philosophy""",·······,TBA-TBA,"LIN, DEENA",ONLINE,OL 
27726,PHIL 2,50Z,Open,"""Social and Political Philosophy""",·······,TBA-TBA,Sangeeta Mishra,ONLINE,OL 
20297,PHIL 3,51Z,WL,"""Critical Thinking and Writing""",·······,TBA-TBA,Nick Baiamonte,ONLINE,OL 
27722,PHIL 4,50Z,Full,"""Critical Thinking""",·······,TBA-TBA,"LIN, DEENA",ONLINE,OLLQ 
26999,PHIL 4,51Z,Open,"""Critical Thinking""",·······,TBA-TBA,Anthony Hanson,ONLINE,OL 
26395,PHIL 8,50Z,WL,"""Ethics""",·······,TBA-TBA,Nick Baiamonte,ONLINE,OL 
27725,PHIL 8,51Z,Full,"""Ethics""",·······,TBA-TBA,Nick Baiamonte,ONLINE,OLLQ 
02060,PHTG 4,51Z,Open,"""Introduction to Digital Photography""",·······,TBA-TBA,Sita Bhattacharji,ONLINE,OL Download Syllabus for PHTG 4 51Z 
25112,PHTG 4,52Z,Open,"""Introduction to Digital Photography""",·······,TBA-TBA,Lisa Teng,ONLINE,OL Download Syllabus for PHTG 4 52Z 
23672,PHTG 7,51Z,Open,"""Exploring Visual Expression""",·······,TBA-TBA,Tressa Pack,ONLINE,OL Download Syllabus for PHTG 7 51Z 
23649,PHTG 21,62Z,WL,"""Contemporary Trends in Photography""",·······,TBA-TBA,Sita Bhattacharji,ONLINE,OL Download Syllabus for PHTG 21 62Z 
26536,PHTG 58A,50Z,Open,"""Photographic Photoshop I""",·······,TBA-TBA,Tressa Pack,ONLINE,OL Download Syllabus for PHTG 58A 50Z 
26537,PHTG 58B,50Z,WL,"""Photographic Photoshop II""",·······,TBA-TBA,Tressa Pack,ONLINE,OL Download Syllabus for PHTG 58B 50Z 
26540,PHTG 304,51Z,WL,"""Introduction to Digital Photography""",·······,TBA-TBA,Sita Bhattacharji,ONLINE,OL Download Syllabus for PHTG 304 51Z 
26539,PHTG 304,52Z,Open,"""Introduction to Digital Photography""",·······,TBA-TBA,Lisa Teng,ONLINE,OL Download Syllabus for PHTG 304 52Z 
27033,PHTG 358A,50Z,Open,"""Photographic Photoshop I""",·······,TBA-TBA,Tressa Pack,ONLINE,OL Download Syllabus for PHTG 358A 50Z 
27034,PHTG 358B,50Z,Open,"""Photographic Photoshop II""",·······,TBA-TBA,Tressa Pack,ONLINE,OL Download Syllabus for PHTG 358B 50Z 
02086,PHYS 50,04Z,Open,"""Preparatory Physics""",·T·R···,05:30 PM-07:20 PM,Juming Jiao,ONLINE,OL 
22424,PHYS 50,05Z,WL,"""Preparatory Physics""",M·W····,05:30 PM-07:20 PM,Peter Ho,ONLINE,OL 
27949,PHYS 50,60Z,Open,"""Preparatory Physics""",M·W····,05:30 PM-07:20 PM,"TOTAH-MCCARTY, ANDREW",ONLINE,OL 
24124,POLI 1,01EZ,Open,"""American Government and Politics""",M······,09:30 AM-11:20 AM,James Nguyen,ONLINE,$0OL 
27888,POLI 1,03EZ,Open,"""American Government and Politics""",·T·····,10:30 AM-12:20 PM,Robert Stockwell,ONLINE,$0OL 
24122,POLI 1,50Z,Open,"""American Government and Politics""",·······,TBA-TBA,Scott Heffner,ONLINE,OL 
27054,POLI 1,51Z,WL,"""American Government and Politics""",·······,TBA-TBA,Scott Heffner,ONLINE,OLLQ 
24125,POLI 1,52Z,Open,"""American Government and Politics""",·······,TBA-TBA,Albert Schendan,ONLINE,OL 
24130,POLI 1,53Z,Open,"""American Government and Politics""",·······,TBA-TBA,Albert Schendan,ONLINE,OL 
28017,POLI 1,58Z,WL,"""American Government and Politics""",·······,TBA-TBA,Laura Chin,ONLINE,OLLQ 
24120,POLI 1,09EZ,Open,"""American Government and Politics""",·······,TBA-TBA,Laura Chin,ONLINE,OL 
27945,POLI 1H,03EZ,Open,"""American Government and Politics - HONORS""",·T·····,10:30 AM-12:20 PM,Robert Stockwell,ONLINE,OL 
27989,POLI 3,51Z,Full,"""International Relations""",·······,TBA-TBA,Robert Ovetz,ONLINE,OLLQ 
27738,POLI 11,01Z,Open,"""Federal Courts and Constitutional Law""",··W····,06:00 PM-07:50 PM,Kevin Lee,ONLINE,OL 
27744,POLI 13,50Z,Open,"""Concepts of Criminal Law (CP 2)""",·······,TBA-TBA,James Suits,ONLINE,OL 
26485,POLI 15,50Z,WL,"""Grassroots Democracy: Race, Politics and the American Promise""",·······,TBA-TBA,Laura Chin,ONLINE,OL 
27056,POLI 17,01EZ,Open,"""Grassroots Democracy: Leadership and Power""",·T·R···,06:00 PM-07:50 PM,Cynthia Kaufman,ONLINE,OL 
27885,POLI 17H,01EZ,Open,"""Grassroots Democracy: Leadership and Power - HONORS""",·T·R···,06:00 PM-07:50 PM,Cynthia Kaufman,ONLINE,OL 
22862,POLI 64,01JZ,Open,"""Political Science Internship""",·······,TBA-TBA,Robert Stockwell,ONLINE,OL 
22863,POLI 64X,01JZ,Open,"""Political Science Internship""",·······,TBA-TBA,Robert Stockwell,ONLINE,OL 
22864,POLI 64Y,01JZ,Open,"""Political Science Internship""",·······,TBA-TBA,Robert Stockwell,ONLINE,OL 
22865,POLI 64Z,01JZ,Open,"""Political Science Internship""",·······,TBA-TBA,Robert Stockwell,ONLINE,OL 
26440,POLI 75,01Z,Open,"""Principles and Procedures of the Justice System""",M······,06:00 PM-07:50 PM,Griffin Bonini,ONLINE,OL 
26993,POLI 95,01Z,Open,"""Overview of American Law""",··W····,06:00 PM-07:50 PM,"BERNARDO, SHERYL",ONLINE,OL 
26461,PSYC 1,03Z,Open,"""General Psychology""",M·W····,11:30 AM-12:20 PM,Joshua Avera,ONLINE,OL 
02128,PSYC 1,50Z,Open,"""General Psychology""",·······,TBA-TBA,Robin Schulte,ONLINE,OL 
02124,PSYC 1,51Z,WL,"""General Psychology""",·······,TBA-TBA,Mark Healy,ONLINE,OL 
02130,PSYC 1,53Z,Open,"""General Psychology""",·······,TBA-TBA,James Clifford Jr,ONLINE,OL 
02126,PSYC 1,54Z,WL,"""General Psychology""",·······,TBA-TBA,Taiki Kondo,ONLINE,$0OL 
02132,PSYC 1,56Z,Open,"""General Psychology""",·······,TBA-TBA,Susan Thomas,ONLINE,$0OL 
02135,PSYC 1,60Z,WL,"""General Psychology""",·······,TBA-TBA,Robin Schulte,ONLINE,OL 
23120,PSYC 1,61Z,WL,"""General Psychology""",·······,TBA-TBA,Sandra Trafalis,ONLINE,OL 
02137,PSYC 1,62Z,WL,"""General Psychology""",·······,TBA-TBA,Chris Olsen,ONLINE,OL 
27451,PSYC 1,63Z,Full,"""General Psychology""",·······,TBA-TBA,Latosha Baldwin,ONLINE,OLLQ 
27213,PSYC 2,02Z,WL,"""Research Methods in Psychology""",M·W····,06:00 PM-07:50 PM,Taiki Kondo,ONLINE,$0OL 
26494,PSYC 3,50Z,Open,"""An Introduction to Cognitive Psychology""",·······,TBA-TBA,James Clifford Jr,ONLINE,OL 
02142,PSYC 4,50Z,Open,"""Abnormal Psychology""",·······,TBA-TBA,Daniel Bunce,ONLINE,OL 
20291,PSYC 4,62Z,WL,"""Abnormal Psychology""",·······,TBA-TBA,Sandra Trafalis,ONLINE,OL 
24730,PSYC 4,65Z,Open,"""Abnormal Psychology""",·······,TBA-TBA,Latosha Baldwin,ONLINE,OL 
21178,PSYC 5,50Z,Open,"""Introduction to Theories of Personality""",·······,TBA-TBA,Daniel Bunce,ONLINE,OL 
22279,PSYC 8,50Z,WL,"""Introduction to Social Psychology""",·······,TBA-TBA,Jeanette Tucker,ONLINE,OL 
26645,PSYC 8,51Z,Open,"""Introduction to Social Psychology""",·······,TBA-TBA,Robin Schulte,ONLINE,OL 
02148,PSYC 10G,50Z,Open,"""Child Development (The Early Years)""",·······,TBA-TBA,"SUN, LI WEI",ONLINE,OL 
02150,PSYC 10G,51Z,WL,"""Child Development (The Early Years)""",·······,TBA-TBA,Cristina Leal,ONLINE,OL 
02152,PSYC 10H,01Z,Open,"""Child Growth and Development (Middle Childhood and Adolescence)""",··W····,06:30 PM-10:20 PM,Jila Maleksalehi,ONLINE,OL 
02154,PSYC 10H,02Z,Open,"""Child Growth and Development (Middle Childhood and Adolescence)""",···R···,10:30 AM-12:20 PM,Julie Kennedy,ONLINE,OL 
21566,PSYC 12,50Z,Open,"""Psychology of Gender""",·······,TBA-TBA,Sandra Trafalis,ONLINE,OL 
02159,PSYC 14,51Z,Open,"""Developmental Aspects of Psychology""",·······,TBA-TBA,Susan Thomas,ONLINE,$0OL 
02161,PSYC 14,62Z,WL,"""Developmental Aspects of Psychology""",·······,TBA-TBA,Melissa Tamas,ONLINE,OL 
26464,PSYC 15,50Z,Open,"""Statistics and Research Methods in Social Science""",·······,TBA-TBA,Chris Olsen,ONLINE,OL 
25894,PSYC 24,50Z,Open,"""Introduction to Psychobiology""",·······,TBA-TBA,James Clifford Jr,ONLINE,OL 
28009,PSYC 24,51Z,Open,"""Introduction to Psychobiology""",·······,TBA-TBA,James Clifford Jr,ONLINE,OL 
02164,PSYC 64,01JZ,Open,"""Psychology Internship""",·······,TBA-TBA,Mark Healy,ONLINE,OL 
02165,PSYC 64X,01JZ,Open,"""Psychology Internship""",·······,TBA-TBA,Mark Healy,ONLINE,OL 
22463,PSYC 64Y,01JZ,Open,"""Psychology Internship""",·······,TBA-TBA,Mark Healy,ONLINE,OL 
20487,PSYC 64Z,01JZ,Open,"""Psychology Internship""",·······,TBA-TBA,Mark Healy,ONLINE,OL 
02243,REST 50,62Z,WL,"""Real Estate Principles""",·······,TBA-TBA,Michael Gough,ONLINE,OL 
27123,REST 50,64Z,WL,"""Real Estate Principles""",·······,TBA-TBA,Mia Park,ONLINE,OL Download Syllabus for REST 50 64Z 
02244,REST 51,62Z,WL,"""Real Estate Practices""",·······,TBA-TBA,Mia Park,ONLINE,OL Download Syllabus for REST 51 62Z 
27707,REST 51,65Z,Full,"""Real Estate Practices""",·······,TBA-TBA,Amber Hatter,ONLINE,OLLQ 
25887,REST 52A,62Z,WL,"""Legal Aspects of Real Estate""",·······,TBA-TBA,Sam Kiamanesh,ONLINE,OL 
26514,REST 55,62Z,Open,"""Real Estate Property Management""",·······,TBA-TBA,Dan Salah,ONLINE,OL Download Syllabus for REST 55 62Z 
27135,REST 61,62Z,WL,"""Real Estate Investments""",·······,TBA-TBA,Amber Hatter,ONLINE,OL 
27121,REST 350,62Z,WL,"""Real Estate Principles""",·······,TBA-TBA,Michael Gough,ONLINE,OL 
27124,REST 350,64Z,WL,"""Real Estate Principles""",·······,TBA-TBA,Mia Park,ONLINE,OL 
27125,REST 351,62Z,WL,"""Real Estate Practices""",·······,TBA-TBA,Mia Park,ONLINE,OL Download Syllabus for REST 351 62Z 
27710,REST 351,65Z,WL,"""Real Estate Practices""",·······,TBA-TBA,Amber Hatter,ONLINE,OLLQ 
27133,REST 352A,62Z,WL,"""Legal Aspects of Real Estate""",·······,TBA-TBA,Sam Kiamanesh,ONLINE,OL 
27139,REST 355,62Z,Open,"""Real Estate Property Management""",·······,TBA-TBA,Dan Salah,ONLINE,OL Download Syllabus for REST 355 62Z 
02248,RUSS 1,40Z,Open,"""Elementary Russian (First Quarter)""",·T·R···,06:30 PM-08:45 PM,Larissa Chiriaeva,ONLINE,OL 
26312,RUSS 1,41Z,WL,"""Elementary Russian (First Quarter)""",M·W····,06:30 PM-08:45 PM,Larissa Chiriaeva,ONLINE,OL 
21571,SOC 1,50Z,Open,"""Introduction to Sociology""",·······,TBA-TBA,Kamau Birago,ONLINE,OL 
26327,SOC 1,51Z,WL,"""Introduction to Sociology""",·······,TBA-TBA,Mark Pasion,ONLINE,OL 
02282,SOC 1,52Z,Open,"""Introduction to Sociology""",·······,TBA-TBA,Mark Pasion,ONLINE,OL 
02287,SOC 1,62Z,WL,"""Introduction to Sociology""",·······,TBA-TBA,Jason Dehaan,ONLINE,OL 
27719,SOC 5,50Z,Open,"""Sociology of Globalization and Social Change""",·······,TBA-TBA,Kamau Birago,ONLINE,OL 
26465,SOC 15,50Z,Open,"""Statistics and Research Methods in Social Science""",·······,TBA-TBA,Chris Olsen,ONLINE,OL 
24146,SOC 28,62Z,Open,"""Sociology of Gender""",·······,TBA-TBA,Jason Dehaan,ONLINE,OL 
26468,SOC 29,50Z,Open,"""Sociology of Structural Racism in the United States""",·······,TBA-TBA,Tracy Dehaan,ONLINE,OL 
27078,SOC 35,50Z,Open,"""Marriage, Family, and Intimate Relationships""",·······,TBA-TBA,Tracy Dehaan,ONLINE,OL 
26988,SOC 51,50Z,WL,"""Women in Crime""",·······,TBA-TBA,Ramona Gabriel,ONLINE,OL 
27741,SOC 54,50Z,WL,"""Youth and the Law""",·······,TBA-TBA,DuJuan Green,ONLINE,OL 
27681,SOC 73,01Z,Open,"""Crime and Criminology""",···R···,06:00 PM-07:50 PM,James Suits,ONLINE,OL 
24773,SOSC 80X,62Z,Open,"""Community Based Learning in Social Sciences - Historical""",·······,TBA-TBA,Cynthia Kaufman,ONLINE,OL 
24838,SOSC 82X,62Z,Open,"""Community Based Learning in Social Sciences - Philosophical""",·······,TBA-TBA,Cynthia Kaufman,ONLINE,OL 
24774,SOSC 83X,62Z,Open,"""Community Based Learning in Social Sciences - Sociological""",·······,TBA-TBA,Cynthia Kaufman,ONLINE,OL 
26483,SOSC 83Z,01EZ,Open,"""Community Based Learning in Social Sciences - Sociological""",·······,TBA-TBA,Cynthia Kaufman,ONLINE,OL 
26484,SOSC 83Z,02EZ,Full,"""Community Based Learning in Social Sciences - Sociological""",·······,TBA-TBA,Cynthia Kaufman,ONLINE,OLLQ 
02316,SPAN 1,01Z,WL,"""Elementary Spanish (First Quarter)""",MTWR···,08:30 AM-09:20 AM,Carmen Lizardi-Folley,ONLINE,OL Download Syllabus for SPAN 1 01Z 
26980,SPAN 1,41Z,WL,"""Elementary Spanish (First Quarter)""",·T·R···,04:00 PM-06:15 PM,Viviana Alcazar,ONLINE,OL 
26982,SPAN 2,40Z,Open,"""Elementary Spanish (Second Quarter)""",M·W····,06:30 PM-08:45 PM,Carmen Lizardi-Folley,ONLINE,OL Download Syllabus for SPAN 2 40Z 
27699,SPAN 3,40Z,WL,"""Elementary Spanish (Third Quarter)""",·T·R···,06:30 PM-08:45 PM,Viviana Alcazar,ONLINE,OL 
02417,THEA 1,50Z,Open,"""Appreciation of Theatre""",·······,TBA-TBA,Vernon Gallegos,ONLINE,OL Download Syllabus for THEA 1 50Z 
02417,THEA 1,50Z,Open,"""Appreciation of Theatre""",·······,TBA-TBA,Vernon Gallegos,ONLINE,OL Download Syllabus for THEA 1 50Z 
02416,THEA 1,51Z,Open,"""Appreciation of Theatre""",·······,TBA-TBA,Vernon Gallegos,ONLINE,OL Download Syllabus for THEA 1 51Z 
02416,THEA 1,51Z,Open,"""Appreciation of Theatre""",·······,TBA-TBA,Vernon Gallegos,ONLINE,OL Download Syllabus for THEA 1 51Z 
24273,VIET 1,40Z,WL,"""Elementary Vietnamese (First Quarter)""",M·W····,06:30 PM-08:45 PM,Bac Tran,ONLINE,OL 
27953,WMST 1,01Z,Open,"""Introduction to Women's Studies""",·T·····,12:30 PM-02:20 PM,Marc Coronado,ONLINE,OL 
24421,WMST 1,60Z,Open,"""Introduction to Women's Studies""",·······,TBA-TBA,Marc Coronado,ONLINE,OL 
25298,WMST 3C,50Z,Open,"""Women and Art""",·······,TBA-TBA,Natasha Kleit,ONLINE,OL 
26998,WMST 8,61Z,Open,"""Women of Color in the USA""",·······,TBA-TBA,Marc Coronado,ONLINE,OL 
27061,WMST 9,01Z,Open,"""Women in American History""",M·W····,01:30 PM-03:20 PM,Anne Hickling,ONLINE,OL 
21567,WMST 12,50Z,WL,"""Psychology of Gender""",·······,TBA-TBA,Sandra Trafalis,ONLINE,OL 
25571,WMST 21,50Z,Open,"""Women in Literature""",·······,TBA-TBA,Francesca Caparas,ONLINE,OL 
27610,WMST 24,60Z,Open,"""Women and Gender in Global Perspectives""",·······,TBA-TBA,Marc Coronado,ONLINE,OL 
24147,WMST 28,62Z,Open,"""Sociology of Gender""",·······,TBA-TBA,Jason Dehaan,ONLINE,OL 
